Id,Category
1,6
2,3
3,2
4,9
5,4
6,0
7,9
8,7
9,9
10,4
11,9
12,4
13,2
14,2
15,3
16,7
17,0
18,1
19,2
20,7
21,0
22,0
23,5
24,0
25,1
26,9
27,3
28,2
29,9
30,6
31,7
32,6
33,6
34,1
35,3
36,7
37,2
38,6
39,5
40,0
41,7
42,4
43,7
44,4
45,7
46,1
47,5
48,9
49,6
50,1
51,3
52,0
53,3
54,3
55,7
56,2
57,0
58,1
59,0
60,3
61,1
62,4
63,9
64,1
65,6
66,7
67,9
68,1
69,3
70,9
71,1
72,3
73,6
74,4
75,0
76,0
77,2
78,1
79,6
80,0
81,0
82,3
83,3
84,0
85,9
86,3
87,4
88,9
89,7
90,0
91,3
92,6
93,2
94,7
95,3
96,0
97,4
98,7
99,0
100,9
101,6
102,4
103,0
104,3
105,8
106,5
107,9
108,8
109,4
110,2
111,7
112,9
113,1
114,5
115,8
116,8
117,7
118,2
119,7
120,9
121,1
122,1
123,5
124,9
125,6
126,8
127,6
128,6
129,4
130,2
131,0
132,4
133,5
134,0
135,7
136,4
137,9
138,7
139,8
140,7
141,8
142,8
143,3
144,7
145,1
146,4
147,2
148,1
149,1
150,7
151,8
152,5
153,8
154,9
155,9
156,4
157,6
158,9
159,4
160,7
161,2
162,9
163,0
164,6
165,2
166,7
167,1
168,7
169,1
170,3
171,0
172,0
173,3
174,1
175,3
176,3
177,2
178,5
179,9
180,6
181,8
182,4
183,8
184,3
185,8
186,1
187,4
188,3
189,0
190,5
191,7
192,2
193,8
194,2
195,2
196,0
197,6
198,3
199,4
200,0
201,7
202,4
203,4
204,8
205,9
206,5
207,1
208,2
209,4
210,3
211,4
212,6
213,4
214,8
215,6
216,5
217,2
218,5
219,4
220,6
221,8
222,9
223,7
224,8
225,3
226,9
227,0
228,7
229,5
230,1
231,1
232,8
233,9
234,2
235,4
236,2
237,2
238,4
239,8
240,4
241,8
242,4
243,5
244,7
245,5
246,3
247,8
248,5
249,1
250,1
251,7
252,9
253,3
254,4
255,1
256,3
257,1
258,5
259,2
260,5
261,2
262,6
263,1
264,9
265,2
266,7
267,1
268,7
269,5
270,6
271,5
272,5
273,3
274,6
275,6
276,5
277,4
278,3
279,2
280,5
281,9
282,5
283,3
284,4
285,3
286,8
287,4
288,2
289,4
290,4
291,6
292,3
293,3
294,4
295,3
296,6
297,3
298,0
299,8
300,2
301,6
302,0
303,0
304,7
305,6
306,2
307,7
308,7
309,4
310,0
311,0
312,2
313,2
314,7
315,9
316,2
317,5
318,8
319,7
320,6
321,1
322,2
323,2
324,1
325,4
326,8
327,0
328,2
329,4
330,9
331,4
332,3
333,5
334,2
335,2
336,0
337,4
338,3
339,7
340,4
341,8
342,7
343,7
344,6
345,8
346,8
347,0
348,6
349,2
350,5
351,6
352,1
353,3
354,1
355,0
356,7
357,1
358,6
359,7
360,2
361,8
362,6
363,2
364,2
365,5
366,1
367,6
368,9
369,4
370,1
371,6
372,9
373,4
374,0
375,2
376,2
377,6
378,4
379,4
380,9
381,3
382,8
383,1
384,3
385,7
386,1
387,4
388,9
389,6
390,0
391,8
392,7
393,5
394,7
395,8
396,0
397,6
398,7
399,6
400,8
401,9
402,6
403,8
404,2
405,1
406,0
407,4
408,7
409,6
410,5
411,3
412,0
413,9
414,3
415,2
416,8
417,7
418,4
419,2
420,6
421,5
422,9
423,7
424,7
425,3
426,1
427,9
428,3
429,9
430,9
431,2
432,7
433,4
434,5
435,2
436,2
437,2
438,1
439,1
440,9
441,6
442,4
443,0
444,9
445,0
446,0
447,3
448,8
449,5
450,0
451,4
452,1
453,8
454,4
455,2
456,5
457,2
458,3
459,6
460,1
461,0
462,0
463,5
464,3
465,6
466,8
467,1
468,7
469,2
470,7
471,0
472,4
473,4
474,2
475,1
476,2
477,7
478,2
479,0
480,7
481,0
482,7
483,8
484,3
485,1
486,4
487,6
488,2
489,9
490,5
491,5
492,0
493,2
494,9
495,6
496,1
497,9
498,2
499,6
500,4
501,1
502,8
503,4
504,6
505,1
506,1
507,1
508,2
509,5
510,2
511,6
512,7
513,9
514,1
515,0
516,3
517,2
518,9
519,1
520,6
521,4
522,1
523,4
524,4
525,4
526,7
527,8
528,8
529,3
530,9
531,0
532,2
533,6
534,5
535,4
536,8
537,0
538,7
539,6
540,5
541,0
542,0
543,3
544,5
545,3
546,2
547,4
548,7
549,6
550,4
551,9
552,9
553,0
554,1
555,0
556,0
557,1
558,3
559,1
560,0
561,7
562,1
563,7
564,9
565,6
566,0
567,1
568,6
569,4
570,2
571,3
572,6
573,4
574,1
575,7
576,6
577,6
578,2
579,8
580,9
581,0
582,7
583,2
584,8
585,5
586,0
587,4
588,5
589,8
590,2
591,5
592,0
593,9
594,2
595,5
596,6
597,3
598,2
599,0
600,3
601,6
602,9
603,7
604,2
605,6
606,3
607,5
608,6
609,5
610,0
611,5
612,6
613,2
614,7
615,5
616,9
617,8
618,6
619,7
620,7
621,2
622,4
623,0
624,5
625,5
626,3
627,1
628,8
629,1
630,3
631,2
632,3
633,9
634,8
635,0
636,0
637,6
638,9
639,5
640,2
641,1
642,1
643,4
644,8
645,5
646,8
647,7
648,8
649,5
650,5
651,2
652,7
653,2
654,3
655,2
656,4
657,2
658,9
659,9
660,1
661,6
662,2
663,9
664,8
665,9
666,5
667,7
668,2
669,7
670,0
671,8
672,8
673,9
674,7
675,8
676,6
677,0
678,9
679,2
680,1
681,6
682,8
683,5
684,0
685,6
686,6
687,2
688,3
689,2
690,7
691,6
692,5
693,0
694,7
695,4
696,9
697,5
698,2
699,6
700,2
701,9
702,3
703,4
704,9
705,3
706,7
707,5
708,3
709,3
710,2
711,7
712,6
713,5
714,0
715,9
716,4
717,1
718,8
719,2
720,9
721,4
722,2
723,3
724,3
725,2
726,3
727,7
728,6
729,0
730,3
731,4
732,7
733,0
734,3
735,8
736,9
737,7
738,9
739,6
740,9
741,3
742,8
743,4
744,3
745,3
746,5
747,9
748,1
749,1
750,3
751,9
752,8
753,1
754,8
755,8
756,8
757,6
758,8
759,0
760,1
761,1
762,9
763,4
764,2
765,0
766,6
767,8
768,6
769,2
770,1
771,1
772,3
773,4
774,8
775,2
776,8
777,9
778,4
779,3
780,1
781,2
782,2
783,9
784,6
785,3
786,8
787,9
788,8
789,2
790,9
791,4
792,6
793,1
794,2
795,5
796,1
797,7
798,8
799,9
800,5
801,6
802,4
803,4
804,3
805,9
806,1
807,8
808,2
809,9
810,2
811,6
812,3
813,0
814,2
815,7
816,1
817,0
818,8
819,8
820,0
821,9
822,5
823,5
824,0
825,2
826,8
827,5
828,9
829,0
830,1
831,4
832,0
833,9
834,2
835,6
836,0
837,3
838,2
839,0
840,5
841,0
842,3
843,4
844,6
845,8
846,5
847,3
848,3
849,3
850,4
851,5
852,5
853,0
854,6
855,8
856,4
857,9
858,2
859,4
860,3
861,8
862,8
863,4
864,4
865,9
866,2
867,8
868,4
869,4
870,5
871,7
872,1
873,7
874,2
875,4
876,7
877,8
878,3
879,4
880,0
881,7
882,4
883,2
884,6
885,2
886,2
887,0
888,5
889,2
890,3
891,2
892,2
893,9
894,3
895,3
896,7
897,2
898,2
899,8
900,9
901,0
902,6
903,9
904,7
905,3
906,6
907,2
908,6
909,3
910,4
911,1
912,0
913,4
914,6
915,8
916,7
917,7
918,2
919,8
920,8
921,6
922,0
923,2
924,7
925,7
926,5
927,6
928,5
929,7
930,1
931,4
932,2
933,4
934,6
935,3
936,0
937,2
938,0
939,4
940,9
941,7
942,6
943,3
944,1
945,5
946,3
947,3
948,4
949,0
950,5
951,4
952,8
953,3
954,1
955,9
956,4
957,8
958,1
959,2
960,0
961,1
962,4
963,3
964,3
965,2
966,2
967,7
968,8
969,7
970,7
971,4
972,9
973,3
974,9
975,3
976,6
977,9
978,0
979,4
980,2
981,2
982,2
983,4
984,7
985,8
986,9
987,9
988,2
989,2
990,6
991,9
992,1
993,7
994,8
995,4
996,4
997,7
998,0
999,0
1000,7
1001,6
1002,0
1003,7
1004,4
1005,0
1006,5
1007,7
1008,7
1009,1
1010,4
1011,6
1012,4
1013,6
1014,7
1015,7
1016,0
1017,0
1018,5
1019,9
1020,7
1021,6
1022,4
1023,9
1024,5
1025,9
1026,2
1027,8
1028,8
1029,8
1030,1
1031,3
1032,7
1033,1
1034,8
1035,9
1036,2
1037,9
1038,4
1039,3
1040,0
1041,7
1042,3
1043,0
1044,5
1045,6
1046,8
1047,8
1048,1
1049,6
1050,6
1051,3
1052,1
1053,9
1054,4
1055,6
1056,7
1057,8
1058,2
1059,9
1060,9
1061,8
1062,7
1063,7
1064,6
1065,4
1066,7
1067,5
1068,4
1069,6
1070,4
1071,0
1072,3
1073,3
1074,6
1075,7
1076,4
1077,9
1078,0
1079,7
1080,6
1081,1
1082,1
1083,6
1084,3
1085,7
1086,3
1087,6
1088,5
1089,0
1090,7
1091,4
1092,6
1093,8
1094,0
1095,0
1096,3
1097,7
1098,1
1099,0
1100,7
1101,6
1102,0
1103,1
1104,4
1105,6
1106,5
1107,4
1108,7
1109,9
1110,6
1111,3
1112,7
1113,6
1114,1
1115,5
1116,6
1117,9
1118,4
1119,6
1120,3
1121,2
1122,7
1123,4
1124,3
1125,7
1126,4
1127,4
1128,3
1129,9
1130,6
1131,4
1132,4
1133,4
1134,7
1135,6
1136,0
1137,5
1138,6
1139,3
1140,5
1141,2
1142,9
1143,4
1144,5
1145,1
1146,7
1147,6
1148,7
1149,3
1150,8
1151,9
1152,1
1153,3
1154,7
1155,0
1156,6
1157,2
1158,0
1159,7
1160,0
1161,0
1162,3
1163,2
1164,6
1165,9
1166,2
1167,3
1168,0
1169,2
1170,4
1171,1
1172,3
1173,2
1174,3
1175,1
1176,6
1177,7
1178,1
1179,9
1180,3
1181,1
1182,6
1183,7
1184,9
1185,0
1186,3
1187,1
1188,6
1189,5
1190,8
1191,1
1192,7
1193,2
1194,5
1195,8
1196,0
1197,4
1198,4
1199,9
1200,6
1201,9
1202,4
1203,6
1204,2
1205,0
1206,9
1207,2
1208,9
1209,4
1210,6
1211,4
1212,8
1213,5
1214,2
1215,0
1216,4
1217,0
1218,8
1219,7
1220,4
1221,9
1222,2
1223,0
1224,3
1225,8
1226,1
1227,4
1228,9
1229,0
1230,2
1231,4
1232,7
1233,3
1234,9
1235,3
1236,9
1237,8
1238,8
1239,4
1240,0
1241,7
1242,5
1243,1
1244,3
1245,0
1246,4
1247,3
1248,5
1249,2
1250,7
1251,6
1252,4
1253,0
1254,4
1255,8
1256,5
1257,7
1258,4
1259,5
1260,3
1261,2
1262,0
1263,8
1264,0
1265,7
1266,2
1267,7
1268,9
1269,8
1270,3
1271,5
1272,3
1273,6
1274,7
1275,6
1276,0
1277,8
1278,8
1279,5
1280,5
1281,3
1282,0
1283,7
1284,5
1285,9
1286,7
1287,4
1288,0
1289,5
1290,4
1291,8
1292,9
1293,3
1294,2
1295,5
1296,0
1297,2
1298,9
1299,0
1300,7
1301,6
1302,1
1303,3
1304,3
1305,8
1306,0
1307,7
1308,1
1309,9
1310,4
1311,4
1312,0
1313,2
1314,3
1315,6
1316,7
1317,4
1318,3
1319,6
1320,6
1321,5
1322,8
1323,7
1324,5
1325,3
1326,1
1327,8
1328,2
1329,1
1330,3
1331,0
1332,4
1333,7
1334,7
1335,2
1336,1
1337,2
1338,0
1339,0
1340,0
1341,3
1342,9
1343,2
1344,7
1345,4
1346,5
1347,4
1348,1
1349,9
1350,8
1351,5
1352,3
1353,5
1354,7
1355,7
1356,8
1357,1
1358,2
1359,0
1360,8
1361,8
1362,4
1363,8
1364,9
1365,1
1366,9
1367,9
1368,7
1369,9
1370,8
1371,0
1372,6
1373,9
1374,3
1375,7
1376,7
1377,8
1378,8
1379,4
1380,3
1381,5
1382,4
1383,3
1384,9
1385,3
1386,1
1387,8
1388,4
1389,8
1390,6
1391,5
1392,2
1393,6
1394,0
1395,5
1396,0
1397,4
1398,6
1399,1
1400,1
1401,1
1402,5
1403,1
1404,8
1405,1
1406,7
1407,5
1408,6
1409,3
1410,6
1411,8
1412,6
1413,2
1414,9
1415,2
1416,7
1417,7
1418,0
1419,7
1420,7
1421,9
1422,7
1423,7
1424,4
1425,0
1426,0
1427,4
1428,8
1429,5
1430,4
1431,3
1432,0
1433,9
1434,7
1435,9
1436,4
1437,2
1438,0
1439,4
1440,0
1441,6
1442,0
1443,1
1444,9
1445,2
1446,5
1447,3
1448,1
1449,8
1450,4
1451,6
1452,5
1453,3
1454,3
1455,7
1456,2
1457,7
1458,1
1459,0
1460,4
1461,9
1462,7
1463,5
1464,1
1465,0
1466,8
1467,4
1468,8
1469,2
1470,2
1471,7
1472,5
1473,6
1474,8
1475,6
1476,7
1477,3
1478,3
1479,7
1480,4
1481,7
1482,1
1483,5
1484,2
1485,4
1486,1
1487,0
1488,8
1489,3
1490,4
1491,9
1492,0
1493,5
1494,1
1495,3
1496,6
1497,1
1498,8
1499,4
1500,6
1501,0
1502,9
1503,0
1504,3
1505,3
1506,2
1507,2
1508,3
1509,1
1510,6
1511,1
1512,1
1513,0
1514,8
1515,3
1516,7
1517,0
1518,9
1519,0
1520,5
1521,2
1522,7
1523,8
1524,4
1525,5
1526,6
1527,1
1528,1
1529,5
1530,6
1531,7
1532,0
1533,1
1534,0
1535,0
1536,1
1537,1
1538,7
1539,1
1540,6
1541,4
1542,0
1543,3
1544,8
1545,8
1546,8
1547,4
1548,3
1549,0
1550,1
1551,3
1552,3
1553,0
1554,5
1555,7
1556,6
1557,4
1558,0
1559,4
1560,7
1561,7
1562,3
1563,6
1564,4
1565,1
1566,7
1567,9
1568,9
1569,3
1570,0
1571,1
1572,8
1573,8
1574,1
1575,4
1576,5
1577,6
1578,8
1579,1
1580,9
1581,3
1582,5
1583,5
1584,9
1585,9
1586,3
1587,0
1588,8
1589,3
1590,6
1591,3
1592,0
1593,1
1594,8
1595,4
1596,8
1597,8
1598,9
1599,4
1600,2
1601,2
1602,2
1603,7
1604,6
1605,1
1606,1
1607,8
1608,4
1609,1
1610,9
1611,3
1612,4
1613,5
1614,5
1615,8
1616,9
1617,7
1618,6
1619,5
1620,3
1621,4
1622,5
1623,5
1624,9
1625,2
1626,4
1627,5
1628,3
1629,6
1630,4
1631,5
1632,5
1633,7
1634,3
1635,7
1636,2
1637,7
1638,4
1639,0
1640,3
1641,4
1642,3
1643,2
1644,0
1645,9
1646,8
1647,9
1648,1
1649,6
1650,9
1651,2
1652,2
1653,4
1654,3
1655,0
1656,1
1657,2
1658,6
1659,7
1660,0
1661,9
1662,7
1663,3
1664,4
1665,9
1666,4
1667,5
1668,0
1669,1
1670,4
1671,2
1672,2
1673,0
1674,3
1675,4
1676,1
1677,4
1678,3
1679,9
1680,4
1681,7
1682,6
1683,3
1684,8
1685,9
1686,6
1687,9
1688,6
1689,7
1690,5
1691,5
1692,8
1693,1
1694,7
1695,2
1696,8
1697,7
1698,2
1699,1
1700,1
1701,4
1702,9
1703,3
1704,3
1705,4
1706,7
1707,4
1708,2
1709,5
1710,4
1711,4
1712,6
1713,5
1714,6
1715,3
1716,7
1717,5
1718,8
1719,9
1720,6
1721,0
1722,9
1723,6
1724,5
1725,3
1726,8
1727,9
1728,3
1729,6
1730,0
1731,8
1732,2
1733,5
1734,0
1735,3
1736,6
1737,9
1738,7
1739,5
1740,9
1741,6
1742,4
1743,5
1744,6
1745,8
1746,2
1747,4
1748,3
1749,8
1750,3
1751,6
1752,4
1753,7
1754,0
1755,2
1756,2
1757,7
1758,3
1759,4
1760,5
1761,9
1762,9
1763,3
1764,1
1765,4
1766,2
1767,8
1768,2
1769,5
1770,6
1771,6
1772,4
1773,9
1774,3
1775,5
1776,7
1777,6
1778,2
1779,2
1780,0
1781,3
1782,8
1783,6
1784,4
1785,5
1786,6
1787,1
1788,0
1789,5
1790,0
1791,8
1792,3
1793,7
1794,4
1795,6
1796,5
1797,0
1798,0
1799,5
1800,4
1801,2
1802,7
1803,8
1804,5
1805,0
1806,6
1807,9
1808,0
1809,5
1810,4
1811,3
1812,9
1813,0
1814,7
1815,8
1816,1
1817,0
1818,0
1819,1
1820,3
1821,5
1822,3
1823,1
1824,5
1825,5
1826,4
1827,6
1828,5
1829,6
1830,5
1831,9
1832,4
1833,6
1834,9
1835,1
1836,5
1837,3
1838,7
1839,6
1840,0
1841,3
1842,3
1843,5
1844,1
1845,7
1846,0
1847,3
1848,9
1849,7
1850,0
1851,2
1852,5
1853,5
1854,0
1855,9
1856,4
1857,6
1858,6
1859,0
1860,4
1861,9
1862,5
1863,9
1864,4
1865,6
1866,9
1867,9
1868,3
1869,1
1870,3
1871,4
1872,9
1873,0
1874,3
1875,3
1876,7
1877,2
1878,3
1879,7
1880,2
1881,3
1882,3
1883,8
1884,0
1885,8
1886,7
1887,8
1888,9
1889,4
1890,7
1891,7
1892,6
1893,0
1894,5
1895,9
1896,2
1897,6
1898,8
1899,9
1900,7
1901,6
1902,9
1903,0
1904,0
1905,9
1906,5
1907,8
1908,4
1909,1
1910,4
1911,3
1912,7
1913,1
1914,7
1915,5
1916,7
1917,0
1918,0
1919,0
1920,3
1921,6
1922,6
1923,9
1924,0
1925,7
1926,0
1927,8
1928,0
1929,7
1930,0
1931,2
1932,2
1933,0
1934,4
1935,3
1936,0
1937,3
1938,8
1939,0
1940,1
1941,4
1942,0
1943,0
1944,1
1945,4
1946,4
1947,8
1948,2
1949,7
1950,8
1951,2
1952,9
1953,0
1954,5
1955,0
1956,9
1957,8
1958,2
1959,0
1960,5
1961,6
1962,9
1963,1
1964,1
1965,5
1966,5
1967,1
1968,4
1969,6
1970,8
1971,1
1972,9
1973,5
1974,2
1975,7
1976,9
1977,0
1978,3
1979,0
1980,7
1981,9
1982,2
1983,8
1984,5
1985,7
1986,6
1987,6
1988,9
1989,3
1990,6
1991,6
1992,3
1993,5
1994,1
1995,0
1996,3
1997,7
1998,4
1999,3
2000,1
2001,9
2002,8
2003,1
2004,4
2005,2
2006,5
2007,6
2008,9
2009,3
2010,7
2011,1
2012,9
2013,1
2014,4
2015,9
2016,8
2017,8
2018,5
2019,7
2020,0
2021,0
2022,2
2023,2
2024,9
2025,5
2026,4
2027,5
2028,6
2029,9
2030,7
2031,2
2032,3
2033,0
2034,4
2035,8
2036,8
2037,2
2038,3
2039,4
2040,5
2041,5
2042,7
2043,9
2044,4
2045,3
2046,3
2047,1
2048,8
2049,7
2050,0
2051,2
2052,3
2053,9
2054,8
2055,1
2056,0
2057,7
2058,7
2059,7
2060,6
2061,5
2062,5
2063,9
2064,7
2065,3
2066,4
2067,8
2068,7
2069,6
2070,7
2071,9
2072,9
2073,5
2074,8
2075,1
2076,5
2077,5
2078,0
2079,9
2080,9
2081,3
2082,0
2083,6
2084,5
2085,8
2086,8
2087,9
2088,3
2089,4
2090,2
2091,3
2092,1
2093,7
2094,0
2095,8
2096,3
2097,2
2098,1
2099,9
2100,5
2101,3
2102,9
2103,8
2104,1
2105,9
2106,9
2107,2
2108,0
2109,5
2110,9
2111,3
2112,4
2113,0
2114,0
2115,9
2116,4
2117,1
2118,0
2119,6
2120,4
2121,0
2122,4
2123,8
2124,8
2125,7
2126,2
2127,8
2128,9
2129,8
2130,5
2131,4
2132,6
2133,6
2134,1
2135,9
2136,6
2137,9
2138,4
2139,4
2140,6
2141,1
2142,1
2143,3
2144,3
2145,2
2146,5
2147,7
2148,8
2149,0
2150,8
2151,8
2152,4
2153,2
2154,2
2155,9
2156,0
2157,3
2158,5
2159,4
2160,0
2161,1
2162,0
2163,2
2164,5
2165,5
2166,6
2167,2
2168,6
2169,0
2170,0
2171,2
2172,0
2173,4
2174,1
2175,1
2176,7
2177,1
2178,9
2179,6
2180,3
2181,2
2182,1
2183,4
2184,3
2185,6
2186,9
2187,1
2188,3
2189,6
2190,9
2191,5
2192,4
2193,8
2194,0
2195,6
2196,1
2197,4
2198,8
2199,7
2200,5
2201,5
2202,7
2203,3
2204,5
2205,9
2206,4
2207,9
2208,3
2209,0
2210,0
2211,2
2212,5
2213,5
2214,2
2215,6
2216,5
2217,8
2218,4
2219,7
2220,1
2221,7
2222,3
2223,4
2224,3
2225,1
2226,4
2227,2
2228,7
2229,7
2230,5
2231,4
2232,7
2233,4
2234,1
2235,5
2236,0
2237,5
2238,9
2239,3
2240,7
2241,7
2242,9
2243,7
2244,8
2245,6
2246,4
2247,0
2248,8
2249,3
2250,3
2251,9
2252,6
2253,6
2254,7
2255,6
2256,9
2257,2
2258,6
2259,1
2260,9
2261,2
2262,9
2263,5
2264,2
2265,8
2266,0
2267,4
2268,2
2269,1
2270,1
2271,3
2272,5
2273,1
2274,3
2275,8
2276,8
2277,9
2278,9
2279,3
2280,9
2281,6
2282,8
2283,3
2284,1
2285,1
2286,3
2287,6
2288,1
2289,2
2290,3
2291,8
2292,8
2293,1
2294,1
2295,6
2296,8
2297,3
2298,0
2299,7
2300,6
2301,3
2302,4
2303,6
2304,2
2305,2
2306,3
2307,5
2308,9
2309,8
2310,7
2311,1
2312,8
2313,6
2314,8
2315,6
2316,1
2317,6
2318,0
2319,2
2320,9
2321,6
2322,1
2323,5
2324,7
2325,6
2326,5
2327,8
2328,7
2329,3
2330,9
2331,9
2332,7
2333,7
2334,0
2335,0
2336,9
2337,6
2338,7
2339,1
2340,0
2341,2
2342,1
2343,2
2344,6
2345,0
2346,4
2347,5
2348,5
2349,1
2350,0
2351,5
2352,4
2353,9
2354,2
2355,3
2356,2
2357,0
2358,8
2359,8
2360,8
2361,3
2362,4
2363,9
2364,4
2365,7
2366,1
2367,1
2368,8
2369,2
2370,1
2371,5
2372,3
2373,9
2374,1
2375,4
2376,6
2377,2
2378,2
2379,7
2380,5
2381,7
2382,1
2383,3
2384,6
2385,3
2386,9
2387,9
2388,1
2389,8
2390,1
2391,6
2392,8
2393,6
2394,9
2395,3
2396,0
2397,5
2398,4
2399,6
2400,6
2401,5
2402,9
2403,9
2404,7
2405,7
2406,1
2407,8
2408,2
2409,7
2410,7
2411,1
2412,2
2413,0
2414,0
2415,8
2416,6
2417,4
2418,8
2419,4
2420,1
2421,4
2422,8
2423,6
2424,5
2425,2
2426,2
2427,3
2428,6
2429,1
2430,2
2431,5
2432,0
2433,1
2434,7
2435,3
2436,8
2437,7
2438,4
2439,3
2440,3
2441,3
2442,3
2443,2
2444,9
2445,5
2446,6
2447,5
2448,3
2449,3
2450,8
2451,3
2452,1
2453,4
2454,7
2455,7
2456,1
2457,1
2458,3
2459,1
2460,9
2461,3
2462,4
2463,6
2464,6
2465,8
2466,1
2467,0
2468,1
2469,3
2470,3
2471,7
2472,3
2473,6
2474,1
2475,0
2476,9
2477,9
2478,1
2479,5
2480,9
2481,6
2482,7
2483,5
2484,2
2485,8
2486,1
2487,5
2488,3
2489,8
2490,5
2491,9
2492,6
2493,0
2494,6
2495,5
2496,2
2497,6
2498,6
2499,6
2500,1
2501,9
2502,6
2503,8
2504,1
2505,4
2506,7
2507,8
2508,9
2509,7
2510,8
2511,9
2512,3
2513,9
2514,7
2515,3
2516,7
2517,9
2518,4
2519,3
2520,7
2521,0
2522,9
2523,9
2524,9
2525,4
2526,3
2527,0
2528,8
2529,4
2530,0
2531,1
2532,3
2533,1
2534,1
2535,2
2536,5
2537,2
2538,0
2539,3
2540,4
2541,2
2542,9
2543,4
2544,4
2545,0
2546,9
2547,4
2548,8
2549,5
2550,9
2551,7
2552,0
2553,2
2554,0
2555,1
2556,3
2557,1
2558,7
2559,9
2560,4
2561,2
2562,2
2563,9
2564,1
2565,5
2566,0
2567,9
2568,0
2569,0
2570,8
2571,7
2572,6
2573,4
2574,3
2575,8
2576,5
2577,3
2578,7
2579,4
2580,8
2581,5
2582,8
2583,8
2584,5
2585,2
2586,2
2587,7
2588,0
2589,2
2590,4
2591,7
2592,4
2593,1
2594,2
2595,8
2596,0
2597,2
2598,4
2599,0
2600,2
2601,6
2602,1
2603,6
2604,1
2605,4
2606,8
2607,7
2608,2
2609,7
2610,3
2611,6
2612,9
2613,0
2614,4
2615,6
2616,3
2617,4
2618,3
2619,9
2620,2
2621,2
2622,5
2623,8
2624,2
2625,3
2626,9
2627,7
2628,8
2629,3
2630,1
2631,6
2632,5
2633,8
2634,3
2635,3
2636,2
2637,7
2638,5
2639,0
2640,5
2641,0
2642,7
2643,1
2644,3
2645,0
2646,3
2647,8
2648,0
2649,2
2650,7
2651,7
2652,3
2653,6
2654,6
2655,3
2656,8
2657,0
2658,3
2659,7
2660,8
2661,6
2662,1
2663,7
2664,8
2665,1
2666,2
2667,2
2668,6
2669,0
2670,3
2671,3
2672,9
2673,3
2674,0
2675,0
2676,6
2677,7
2678,7
2679,6
2680,3
2681,4
2682,4
2683,2
2684,4
2685,5
2686,5
2687,0
2688,3
2689,9
2690,1
2691,6
2692,1
2693,1
2694,5
2695,3
2696,0
2697,9
2698,6
2699,8
2700,9
2701,8
2702,3
2703,0
2704,7
2705,7
2706,1
2707,6
2708,0
2709,9
2710,6
2711,5
2712,2
2713,1
2714,6
2715,9
2716,2
2717,6
2718,6
2719,2
2720,5
2721,7
2722,4
2723,0
2724,7
2725,4
2726,2
2727,4
2728,3
2729,8
2730,1
2731,8
2732,2
2733,1
2734,8
2735,7
2736,5
2737,0
2738,6
2739,5
2740,9
2741,3
2742,0
2743,9
2744,6
2745,6
2746,5
2747,2
2748,2
2749,1
2750,7
2751,8
2752,2
2753,2
2754,6
2755,5
2756,6
2757,1
2758,8
2759,5
2760,1
2761,3
2762,9
2763,6
2764,9
2765,8
2766,5
2767,6
2768,2
2769,8
2770,1
2771,7
2772,2
2773,4
2774,7
2775,6
2776,3
2777,6
2778,7
2779,6
2780,8
2781,2
2782,5
2783,3
2784,8
2785,5
2786,4
2787,9
2788,9
2789,8
2790,8
2791,8
2792,6
2793,1
2794,3
2795,3
2796,3
2797,4
2798,5
2799,4
2800,8
2801,2
2802,0
2803,7
2804,1
2805,7
2806,1
2807,1
2808,4
2809,6
2810,0
2811,5
2812,3
2813,6
2814,8
2815,0
2816,4
2817,2
2818,1
2819,9
2820,4
2821,7
2822,9
2823,5
2824,8
2825,5
2826,8
2827,6
2828,8
2829,1
2830,9
2831,7
2832,8
2833,2
2834,3
2835,9
2836,9
2837,9
2838,5
2839,9
2840,6
2841,2
2842,8
2843,9
2844,0
2845,1
2846,4
2847,1
2848,0
2849,8
2850,0
2851,3
2852,8
2853,1
2854,8
2855,0
2856,9
2857,2
2858,1
2859,3
2860,6
2861,3
2862,8
2863,8
2864,5
2865,7
2866,7
2867,1
2868,6
2869,1
2870,9
2871,6
2872,1
2873,1
2874,7
2875,8
2876,4
2877,7
2878,9
2879,3
2880,3
2881,2
2882,1
2883,1
2884,7
2885,9
2886,7
2887,5
2888,5
2889,6
2890,0
2891,3
2892,9
2893,6
2894,8
2895,4
2896,8
2897,4
2898,2
2899,4
2900,5
2901,5
2902,3
2903,4
2904,8
2905,0
2906,7
2907,8
2908,9
2909,3
2910,4
2911,0
2912,7
2913,3
2914,4
2915,3
2916,5
2917,1
2918,6
2919,6
2920,1
2921,1
2922,0
2923,4
2924,2
2925,8
2926,3
2927,7
2928,8
2929,0
2930,6
2931,6
2932,2
2933,4
2934,4
2935,7
2936,3
2937,7
2938,0
2939,9
2940,1
2941,7
2942,3
2943,1
2944,2
2945,5
2946,3
2947,3
2948,1
2949,3
2950,8
2951,6
2952,2
2953,6
2954,6
2955,2
2956,5
2957,8
2958,9
2959,5
2960,5
2961,2
2962,6
2963,0
2964,8
2965,9
2966,6
2967,9
2968,1
2969,9
2970,0
2971,1
2972,9
2973,4
2974,4
2975,8
2976,7
2977,4
2978,1
2979,8
2980,8
2981,2
2982,9
2983,3
2984,3
2985,0
2986,6
2987,4
2988,7
2989,8
2990,5
2991,0
2992,5
2993,9
2994,8
2995,1
2996,2
2997,3
2998,2
2999,2
3000,5
3001,2
3002,3
3003,4
3004,1
3005,8
3006,6
3007,8
3008,2
3009,3
3010,5
3011,2
3012,5
3013,4
3014,5
3015,2
3016,6
3017,7
3018,1
3019,5
3020,5
3021,4
3022,2
3023,0
3024,3
3025,7
3026,0
3027,8
3028,7
3029,8
3030,4
3031,7
3032,8
3033,1
3034,8
3035,7
3036,0
3037,7
3038,3
3039,9
3040,2
3041,6
3042,6
3043,5
3044,7
3045,1
3046,3
3047,8
3048,5
3049,5
3050,9
3051,7
3052,5
3053,2
3054,0
3055,7
3056,1
3057,9
3058,5
3059,8
3060,0
3061,2
3062,0
3063,9
3064,5
3065,7
3066,5
3067,0
3068,1
3069,5
3070,8
3071,3
3072,2
3073,7
3074,2
3075,8
3076,1
3077,8
3078,8
3079,6
3080,4
3081,5
3082,9
3083,4
3084,3
3085,7
3086,7
3087,0
3088,1
3089,4
3090,2
3091,4
3092,9
3093,8
3094,9
3095,9
3096,5
3097,8
3098,0
3099,3
3100,0
3101,2
3102,4
3103,5
3104,2
3105,1
3106,1
3107,3
3108,3
3109,0
3110,0
3111,3
3112,6
3113,9
3114,4
3115,1
3116,9
3117,3
3118,1
3119,6
3120,7
3121,0
3122,3
3123,3
3124,8
3125,2
3126,0
3127,0
3128,3
3129,5
3130,2
3131,7
3132,0
3133,0
3134,3
3135,6
3136,9
3137,5
3138,5
3139,9
3140,7
3141,9
3142,2
3143,3
3144,3
3145,5
3146,7
3147,2
3148,1
3149,3
3150,1
3151,6
3152,9
3153,1
3154,0
3155,1
3156,3
3157,5
3158,4
3159,0
3160,6
3161,0
3162,0
3163,4
3164,7
3165,7
3166,9
3167,5
3168,0
3169,6
3170,2
3171,6
3172,8
3173,3
3174,1
3175,0
3176,5
3177,0
3178,5
3179,7
3180,5
3181,2
3182,8
3183,5
3184,5
3185,2
3186,4
3187,7
3188,0
3189,3
3190,0
3191,6
3192,5
3193,8
3194,0
3195,1
3196,8
3197,4
3198,4
3199,8
3200,7
3201,5
3202,4
3203,3
3204,2
3205,4
3206,1
3207,5
3208,6
3209,6
3210,4
3211,1
3212,6
3213,6
3214,7
3215,1
3216,6
3217,9
3218,5
3219,9
3220,6
3221,8
3222,2
3223,5
3224,3
3225,5
3226,4
3227,9
3228,7
3229,3
3230,4
3231,0
3232,7
3233,6
3234,8
3235,7
3236,5
3237,3
3238,4
3239,4
3240,1
3241,9
3242,8
3243,4
3244,1
3245,4
3246,1
3247,8
3248,9
3249,7
3250,5
3251,9
3252,3
3253,7
3254,9
3255,0
3256,8
3257,2
3258,6
3259,9
3260,5
3261,7
3262,6
3263,4
3264,2
3265,0
3266,3
3267,0
3268,4
3269,7
3270,9
3271,7
3272,4
3273,5
3274,4
3275,8
3276,5
3277,7
3278,7
3279,3
3280,9
3281,5
3282,7
3283,9
3284,3
3285,4
3286,5
3287,6
3288,9
3289,7
3290,5
3291,2
3292,6
3293,0
3294,7
3295,9
3296,9
3297,7
3298,3
3299,2
3300,0
3301,0
3302,4
3303,7
3304,2
3305,0
3306,9
3307,4
3308,4
3309,4
3310,9
3311,9
3312,8
3313,3
3314,3
3315,2
3316,1
3317,3
3318,3
3319,0
3320,0
3321,0
3322,0
3323,0
3324,4
3325,4
3326,5
3327,8
3328,5
3329,1
3330,7
3331,7
3332,9
3333,8
3334,6
3335,4
3336,3
3337,1
3338,7
3339,1
3340,7
3341,6
3342,6
3343,1
3344,0
3345,8
3346,3
3347,4
3348,6
3349,3
3350,6
3351,8
3352,0
3353,9
3354,5
3355,2
3356,0
3357,7
3358,7
3359,9
3360,9
3361,5
3362,3
3363,5
3364,1
3365,4
3366,6
3367,9
3368,6
3369,5
3370,7
3371,6
3372,6
3373,8
3374,2
3375,3
3376,5
3377,1
3378,4
3379,7
3380,1
3381,4
3382,0
3383,8
3384,1
3385,9
3386,9
3387,8
3388,5
3389,6
3390,6
3391,0
3392,0
3393,3
3394,1
3395,5
3396,8
3397,0
3398,3
3399,3
3400,7
3401,2
3402,1
3403,5
3404,3
3405,3
3406,4
3407,3
3408,1
3409,6
3410,0
3411,4
3412,1
3413,3
3414,5
3415,4
3416,8
3417,0
3418,6
3419,4
3420,7
3421,9
3422,4
3423,8
3424,6
3425,8
3426,4
3427,1
3428,0
3429,5
3430,2
3431,4
3432,3
3433,9
3434,2
3435,3
3436,6
3437,4
3438,9
3439,4
3440,2
3441,4
3442,5
3443,7
3444,2
3445,1
3446,9
3447,3
3448,3
3449,1
3450,2
3451,6
3452,5
3453,6
3454,3
3455,2
3456,1
3457,2
3458,7
3459,8
3460,6
3461,0
3462,5
3463,1
3464,2
3465,9
3466,8
3467,6
3468,7
3469,0
3470,6
3471,5
3472,6
3473,8
3474,8
3475,3
3476,0
3477,4
3478,4
3479,9
3480,3
3481,9
3482,8
3483,2
3484,7
3485,5
3486,7
3487,2
3488,9
3489,6
3490,5
3491,5
3492,0
3493,5
3494,4
3495,7
3496,9
3497,7
3498,1
3499,8
3500,8
3501,5
3502,2
3503,2
3504,0
3505,5
3506,0
3507,4
3508,6
3509,1
3510,8
3511,7
3512,5
3513,6
3514,2
3515,1
3516,6
3517,9
3518,0
3519,3
3520,6
3521,0
3522,2
3523,9
3524,5
3525,8
3526,4
3527,4
3528,2
3529,0
3530,4
3531,0
3532,9
3533,2
3534,2
3535,9
3536,9
3537,2
3538,0
3539,8
3540,2
3541,0
3542,6
3543,2
3544,8
3545,8
3546,8
3547,6
3548,8
3549,9
3550,9
3551,5
3552,8
3553,5
3554,4
3555,3
3556,0
3557,5
3558,9
3559,4
3560,1
3561,0
3562,6
3563,5
3564,6
3565,1
3566,9
3567,3
3568,4
3569,5
3570,0
3571,4
3572,4
3573,7
3574,1
3575,3
3576,6
3577,5
3578,3
3579,0
3580,4
3581,2
3582,0
3583,0
3584,5
3585,4
3586,1
3587,8
3588,1
3589,2
3590,7
3591,3
3592,8
3593,3
3594,7
3595,3
3596,7
3597,3
3598,9
3599,9
3600,8
3601,1
3602,8
3603,2
3604,7
3605,9
3606,6
3607,3
3608,1
3609,6
3610,1
3611,5
3612,6
3613,3
3614,3
3615,9
3616,7
3617,3
3618,4
3619,4
3620,8
3621,8
3622,4
3623,6
3624,2
3625,6
3626,2
3627,4
3628,1
3629,3
3630,7
3631,9
3632,9
3633,0
3634,8
3635,2
3636,0
3637,2
3638,7
3639,4
3640,3
3641,8
3642,9
3643,4
3644,6
3645,8
3646,9
3647,0
3648,6
3649,4
3650,6
3651,0
3652,3
3653,6
3654,4
3655,6
3656,1
3657,6
3658,6
3659,5
3660,7
3661,7
3662,4
3663,5
3664,5
3665,1
3666,2
3667,2
3668,7
3669,1
3670,9
3671,6
3672,9
3673,2
3674,5
3675,9
3676,1
3677,6
3678,4
3679,5
3680,3
3681,5
3682,6
3683,6
3684,4
3685,3
3686,9
3687,1
3688,4
3689,3
3690,4
3691,4
3692,2
3693,0
3694,2
3695,6
3696,5
3697,1
3698,2
3699,3
3700,2
3701,3
3702,9
3703,6
3704,5
3705,9
3706,8
3707,7
3708,8
3709,9
3710,8
3711,7
3712,9
3713,5
3714,2
3715,4
3716,5
3717,7
3718,4
3719,3
3720,8
3721,0
3722,1
3723,1
3724,9
3725,3
3726,3
3727,4
3728,7
3729,7
3730,7
3731,1
3732,2
3733,1
3734,2
3735,1
3736,2
3737,3
3738,3
3739,6
3740,4
3741,0
3742,6
3743,3
3744,5
3745,4
3746,9
3747,8
3748,6
3749,5
3750,5
3751,4
3752,3
3753,3
3754,8
3755,8
3756,0
3757,4
3758,5
3759,3
3760,5
3761,2
3762,5
3763,6
3764,5
3765,6
3766,9
3767,1
3768,5
3769,7
3770,2
3771,2
3772,7
3773,4
3774,2
3775,2
3776,7
3777,2
3778,8
3779,5
3780,2
3781,5
3782,6
3783,5
3784,5
3785,2
3786,9
3787,1
3788,5
3789,0
3790,4
3791,3
3792,4
3793,6
3794,0
3795,7
3796,5
3797,2
3798,9
3799,2
3800,9
3801,8
3802,0
3803,0
3804,1
3805,6
3806,2
3807,5
3808,8
3809,9
3810,2
3811,8
3812,7
3813,7
3814,5
3815,2
3816,3
3817,8
3818,6
3819,7
3820,3
3821,5
3822,5
3823,3
3824,9
3825,1
3826,7
3827,8
3828,1
3829,8
3830,6
3831,6
3832,6
3833,8
3834,6
3835,5
3836,3
3837,3
3838,7
3839,2
3840,7
3841,8
3842,5
3843,6
3844,8
3845,7
3846,5
3847,2
3848,1
3849,0
3850,2
3851,9
3852,6
3853,8
3854,5
3855,7
3856,5
3857,8
3858,4
3859,9
3860,6
3861,6
3862,8
3863,3
3864,0
3865,8
3866,0
3867,4
3868,9
3869,1
3870,0
3871,5
3872,1
3873,1
3874,5
3875,5
3876,3
3877,9
3878,7
3879,5
3880,6
3881,5
3882,0
3883,2
3884,8
3885,7
3886,8
3887,7
3888,2
3889,0
3890,8
3891,4
3892,7
3893,6
3894,9
3895,9
3896,6
3897,8
3898,9
3899,4
3900,9
3901,0
3902,5
3903,7
3904,0
3905,0
3906,2
3907,9
3908,6
3909,4
3910,1
3911,3
3912,0
3913,8
3914,2
3915,2
3916,9
3917,7
3918,3
3919,4
3920,5
3921,6
3922,0
3923,9
3924,1
3925,8
3926,1
3927,7
3928,3
3929,8
3930,8
3931,8
3932,7
3933,4
3934,2
3935,7
3936,1
3937,6
3938,6
3939,9
3940,7
3941,4
3942,2
3943,0
3944,2
3945,6
3946,0
3947,5
3948,1
3949,4
3950,8
3951,5
3952,5
3953,1
3954,9
3955,9
3956,4
3957,2
3958,1
3959,6
3960,4
3961,1
3962,7
3963,0
3964,0
3965,9
3966,3
3967,8
3968,8
3969,5
3970,2
3971,3
3972,5
3973,1
3974,4
3975,1
3976,8
3977,8
3978,5
3979,5
3980,8
3981,1
3982,1
3983,7
3984,8
3985,8
3986,7
3987,9
3988,3
3989,6
3990,2
3991,2
3992,0
3993,3
3994,7
3995,8
3996,2
3997,1
3998,6
3999,2
4000,2
4001,0
4002,6
4003,1
4004,7
4005,6
4006,4
4007,3
4008,2
4009,0
4010,5
4011,9
4012,5
4013,9
4014,0
4015,6
4016,9
4017,3
4018,5
4019,6
4020,1
4021,0
4022,2
4023,8
4024,6
4025,4
4026,1
4027,6
4028,8
4029,0
4030,6
4031,6
4032,1
4033,9
4034,2
4035,5
4036,6
4037,2
4038,8
4039,1
4040,8
4041,4
4042,2
4043,5
4044,7
4045,5
4046,3
4047,8
4048,0
4049,9
4050,1
4051,0
4052,9
4053,1
4054,4
4055,7
4056,5
4057,3
4058,6
4059,2
4060,6
4061,0
4062,3
4063,8
4064,1
4065,5
4066,2
4067,1
4068,2
4069,5
4070,8
4071,7
4072,6
4073,7
4074,0
4075,7
4076,0
4077,4
4078,5
4079,3
4080,6
4081,3
4082,7
4083,9
4084,0
4085,2
4086,8
4087,5
4088,9
4089,9
4090,7
4091,3
4092,7
4093,1
4094,7
4095,0
4096,7
4097,5
4098,7
4099,4
4100,9
4101,6
4102,9
4103,6
4104,0
4105,4
4106,7
4107,4
4108,0
4109,1
4110,3
4111,3
4112,6
4113,5
4114,8
4115,9
4116,2
4117,0
4118,9
4119,6
4120,4
4121,1
4122,8
4123,2
4124,5
4125,9
4126,9
4127,0
4128,3
4129,8
4130,8
4131,0
4132,2
4133,4
4134,3
4135,3
4136,6
4137,0
4138,7
4139,1
4140,1
4141,4
4142,9
4143,9
4144,8
4145,4
4146,4
4147,7
4148,3
4149,6
4150,7
4151,9
4152,2
4153,7
4154,1
4155,5
4156,2
4157,5
4158,2
4159,3
4160,1
4161,2
4162,5
4163,6
4164,6
4165,0
4166,7
4167,4
4168,6
4169,8
4170,0
4171,8
4172,9
4173,3
4174,9
4175,7
4176,7
4177,2
4178,0
4179,1
4180,4
4181,9
4182,2
4183,2
4184,5
4185,0
4186,2
4187,4
4188,6
4189,3
4190,4
4191,1
4192,8
4193,1
4194,2
4195,9
4196,5
4197,9
4198,5
4199,9
4200,5
4201,3
4202,7
4203,8
4204,4
4205,1
4206,0
4207,6
4208,3
4209,5
4210,4
4211,0
4212,7
4213,1
4214,9
4215,9
4216,1
4217,6
4218,4
4219,0
4220,3
4221,6
4222,9
4223,3
4224,5
4225,5
4226,1
4227,5
4228,6
4229,8
4230,0
4231,9
4232,9
4233,4
4234,9
4235,1
4236,2
4237,9
4238,5
4239,0
4240,8
4241,7
4242,1
4243,5
4244,2
4245,0
4246,6
4247,3
4248,4
4249,4
4250,3
4251,2
4252,1
4253,8
4254,7
4255,5
4256,3
4257,3
4258,3
4259,7
4260,5
4261,8
4262,3
4263,6
4264,6
4265,2
4266,9
4267,4
4268,3
4269,4
4270,2
4271,2
4272,7
4273,6
4274,4
4275,3
4276,0
4277,2
4278,0
4279,1
4280,2
4281,0
4282,6
4283,6
4284,5
4285,0
4286,6
4287,5
4288,5
4289,4
4290,7
4291,3
4292,6
4293,7
4294,9
4295,2
4296,2
4297,6
4298,1
4299,3
4300,0
4301,5
4302,6
4303,5
4304,5
4305,1
4306,7
4307,0
4308,3
4309,4
4310,2
4311,3
4312,2
4313,3
4314,8
4315,5
4316,7
4317,6
4318,9
4319,8
4320,0
4321,9
4322,7
4323,0
4324,4
4325,3
4326,6
4327,4
4328,1
4329,0
4330,8
4331,9
4332,5
4333,7
4334,0
4335,7
4336,3
4337,2
4338,5
4339,8
4340,2
4341,5
4342,9
4343,5
4344,1
4345,3
4346,8
4347,2
4348,4
4349,6
4350,3
4351,0
4352,8
4353,9
4354,5
4355,6
4356,4
4357,5
4358,2
4359,6
4360,9
4361,3
4362,0
4363,3
4364,9
4365,5
4366,8
4367,9
4368,2
4369,2
4370,5
4371,4
4372,3
4373,6
4374,6
4375,3
4376,7
4377,8
4378,3
4379,5
4380,0
4381,2
4382,4
4383,9
4384,3
4385,4
4386,5
4387,8
4388,3
4389,8
4390,6
4391,7
4392,3
4393,1
4394,5
4395,7
4396,5
4397,8
4398,0
4399,4
4400,7
4401,6
4402,4
4403,6
4404,9
4405,8
4406,0
4407,5
4408,0
4409,2
4410,4
4411,0
4412,9
4413,9
4414,1
4415,5
4416,5
4417,4
4418,7
4419,2
4420,1
4421,6
4422,8
4423,4
4424,4
4425,8
4426,9
4427,6
4428,8
4429,9
4430,8
4431,0
4432,2
4433,1
4434,9
4435,3
4436,4
4437,3
4438,4
4439,7
4440,0
4441,5
4442,5
4443,9
4444,8
4445,8
4446,9
4447,8
4448,3
4449,1
4450,1
4451,6
4452,0
4453,8
4454,1
4455,4
4456,0
4457,0
4458,4
4459,1
4460,7
4461,3
4462,4
4463,1
4464,7
4465,2
4466,0
4467,6
4468,2
4469,4
4470,9
4471,9
4472,3
4473,3
4474,9
4475,2
4476,0
4477,3
4478,0
4479,6
4480,2
4481,9
4482,8
4483,6
4484,1
4485,6
4486,5
4487,3
4488,8
4489,2
4490,8
4491,4
4492,7
4493,9
4494,5
4495,0
4496,3
4497,8
4498,6
4499,2
4500,6
4501,0
4502,7
4503,7
4504,8
4505,7
4506,4
4507,8
4508,2
4509,3
4510,6
4511,8
4512,7
4513,8
4514,8
4515,0
4516,1
4517,6
4518,5
4519,3
4520,8
4521,7
4522,2
4523,8
4524,5
4525,5
4526,4
4527,8
4528,0
4529,8
4530,2
4531,4
4532,2
4533,3
4534,4
4535,5
4536,4
4537,0
4538,4
4539,1
4540,0
4541,0
4542,0
4543,6
4544,6
4545,0
4546,2
4547,5
4548,5
4549,7
4550,1
4551,0
4552,5
4553,0
4554,4
4555,9
4556,6
4557,5
4558,8
4559,6
4560,3
4561,5
4562,6
4563,6
4564,5
4565,3
4566,6
4567,4
4568,6
4569,7
4570,0
4571,7
4572,3
4573,4
4574,7
4575,8
4576,1
4577,0
4578,3
4579,3
4580,5
4581,2
4582,8
4583,3
4584,0
4585,9
4586,5
4587,3
4588,3
4589,3
4590,1
4591,8
4592,3
4593,8
4594,3
4595,1
4596,7
4597,0
4598,8
4599,7
4600,5
4601,5
4602,0
4603,1
4604,9
4605,6
4606,7
4607,6
4608,1
4609,5
4610,9
4611,8
4612,3
4613,3
4614,2
4615,4
4616,6
4617,4
4618,4
4619,8
4620,4
4621,8
4622,8
4623,6
4624,1
4625,3
4626,4
4627,8
4628,4
4629,0
4630,1
4631,9
4632,9
4633,2
4634,8
4635,0
4636,4
4637,7
4638,1
4639,8
4640,8
4641,9
4642,6
4643,3
4644,9
4645,6
4646,7
4647,6
4648,9
4649,7
4650,9
4651,2
4652,5
4653,3
4654,7
4655,4
4656,9
4657,7
4658,6
4659,1
4660,6
4661,4
4662,0
4663,4
4664,6
4665,3
4666,9
4667,3
4668,7
4669,2
4670,5
4671,3
4672,2
4673,9
4674,9
4675,7
4676,1
4677,5
4678,8
4679,6
4680,0
4681,9
4682,8
4683,3
4684,1
4685,5
4686,9
4687,2
4688,5
4689,7
4690,4
4691,0
4692,5
4693,1
4694,3
4695,3
4696,5
4697,8
4698,5
4699,2
4700,6
4701,5
4702,9
4703,2
4704,9
4705,4
4706,6
4707,0
4708,7
4709,6
4710,8
4711,2
4712,5
4713,6
4714,7
4715,1
4716,7
4717,2
4718,1
4719,6
4720,3
4721,0
4722,1
4723,3
4724,7
4725,5
4726,6
4727,8
4728,8
4729,1
4730,8
4731,4
4732,3
4733,8
4734,5
4735,5
4736,7
4737,5
4738,8
4739,5
4740,8
4741,1
4742,1
4743,7
4744,2
4745,3
4746,8
4747,7
4748,6
4749,8
4750,2
4751,0
4752,5
4753,6
4754,1
4755,2
4756,6
4757,7
4758,6
4759,3
4760,6
4761,5
4762,2
4763,2
4764,0
4765,3
4766,3
4767,3
4768,8
4769,7
4770,8
4771,3
4772,7
4773,6
4774,4
4775,4
4776,2
4777,9
4778,9
4779,2
4780,1
4781,6
4782,0
4783,3
4784,1
4785,0
4786,1
4787,8
4788,3
4789,6
4790,6
4791,4
4792,6
4793,7
4794,3
4795,3
4796,9
4797,5
4798,3
4799,3
4800,1
4801,4
4802,4
4803,5
4804,5
4805,3
4806,6
4807,2
4808,1
4809,7
4810,3
4811,6
4812,6
4813,9
4814,9
4815,8
4816,2
4817,4
4818,3
4819,4
4820,0
4821,7
4822,6
4823,9
4824,1
4825,5
4826,0
4827,0
4828,1
4829,7
4830,6
4831,7
4832,1
4833,9
4834,6
4835,0
4836,5
4837,8
4838,4
4839,3
4840,5
4841,1
4842,3
4843,4
4844,1
4845,9
4846,9
4847,8
4848,9
4849,8
4850,1
4851,9
4852,3
4853,3
4854,6
4855,9
4856,4
4857,8
4858,8
4859,0
4860,8
4861,5
4862,4
4863,0
4864,4
4865,8
4866,9
4867,2
4868,1
4869,5
4870,0
4871,3
4872,3
4873,8
4874,6
4875,5
4876,4
4877,0
4878,1
4879,5
4880,9
4881,4
4882,8
4883,3
4884,8
4885,1
4886,8
4887,9
4888,9
4889,6
4890,8
4891,1
4892,8
4893,4
4894,6
4895,0
4896,6
4897,0
4898,5
4899,2
4900,7
4901,4
4902,4
4903,0
4904,1
4905,3
4906,4
4907,6
4908,7
4909,0
4910,5
4911,1
4912,9
4913,1
4914,8
4915,4
4916,5
4917,9
4918,2
4919,0
4920,9
4921,8
4922,7
4923,5
4924,9
4925,4
4926,6
4927,2
4928,7
4929,4
4930,4
4931,9
4932,4
4933,5
4934,1
4935,6
4936,1
4937,9
4938,7
4939,0
4940,0
4941,6
4942,5
4943,5
4944,8
4945,8
4946,4
4947,8
4948,0
4949,9
4950,1
4951,3
4952,1
4953,7
4954,2
4955,0
4956,0
4957,9
4958,7
4959,0
4960,8
4961,4
4962,9
4963,3
4964,9
4965,2
4966,3
4967,1
4968,8
4969,0
4970,5
4971,1
4972,9
4973,8
4974,8
4975,7
4976,1
4977,1
4978,1
4979,1
4980,0
4981,9
4982,6
4983,3
4984,3
4985,9
4986,7
4987,5
4988,0
4989,6
4990,8
4991,4
4992,6
4993,0
4994,6
4995,2
4996,0
4997,2
4998,0
4999,4
5000,6
5001,3
5002,2
5003,9
5004,8
5005,4
5006,4
5007,5
5008,2
5009,8
5010,3
5011,6
5012,7
5013,1
5014,1
5015,0
5016,7
5017,4
5018,7
5019,8
5020,1
5021,2
5022,8
5023,6
5024,2
5025,1
5026,9
5027,1
5028,7
5029,1
5030,8
5031,7
5032,5
5033,7
5034,2
5035,4
5036,0
5037,7
5038,9
5039,8
5040,8
5041,3
5042,5
5043,4
5044,4
5045,3
5046,2
5047,7
5048,2
5049,1
5050,5
5051,7
5052,5
5053,6
5054,8
5055,2
5056,6
5057,3
5058,0
5059,5
5060,8
5061,8
5062,8
5063,7
5064,3
5065,1
5066,1
5067,9
5068,2
5069,9
5070,4
5071,0
5072,6
5073,4
5074,0
5075,4
5076,1
5077,1
5078,8
5079,6
5080,3
5081,1
5082,3
5083,7
5084,9
5085,0
5086,2
5087,8
5088,2
5089,4
5090,0
5091,2
5092,1
5093,9
5094,8
5095,3
5096,1
5097,1
5098,8
5099,2
5100,5
5101,3
5102,4
5103,7
5104,1
5105,2
5106,8
5107,3
5108,1
5109,5
5110,9
5111,1
5112,4
5113,0
5114,3
5115,4
5116,3
5117,2
5118,4
5119,4
5120,9
5121,6
5122,0
5123,3
5124,6
5125,0
5126,8
5127,2
5128,1
5129,4
5130,8
5131,4
5132,0
5133,3
5134,9
5135,7
5136,3
5137,4
5138,4
5139,9
5140,2
5141,1
5142,3
5143,0
5144,1
5145,0
5146,2
5147,7
5148,9
5149,0
5150,2
5151,6
5152,1
5153,1
5154,9
5155,6
5156,1
5157,6
5158,3
5159,7
5160,9
5161,6
5162,2
5163,5
5164,9
5165,7
5166,0
5167,8
5168,3
5169,1
5170,9
5171,8
5172,1
5173,6
5174,9
5175,4
5176,5
5177,8
5178,4
5179,5
5180,3
5181,7
5182,8
5183,3
5184,8
5185,7
5186,4
5187,2
5188,5
5189,0
5190,6
5191,0
5192,9
5193,9
5194,7
5195,0
5196,9
5197,9
5198,8
5199,0
5200,1
5201,8
5202,3
5203,3
5204,1
5205,8
5206,8
5207,5
5208,2
5209,7
5210,0
5211,4
5212,6
5213,5
5214,1
5215,8
5216,7
5217,7
5218,9
5219,9
5220,2
5221,1
5222,8
5223,9
5224,2
5225,4
5226,5
5227,7
5228,8
5229,3
5230,5
5231,0
5232,8
5233,8
5234,3
5235,4
5236,7
5237,4
5238,4
5239,9
5240,8
5241,8
5242,8
5243,1
5244,3
5245,3
5246,7
5247,8
5248,6
5249,2
5250,9
5251,1
5252,7
5253,3
5254,7
5255,7
5256,9
5257,3
5258,5
5259,0
5260,6
5261,7
5262,2
5263,7
5264,0
5265,6
5266,3
5267,7
5268,2
5269,7
5270,3
5271,8
5272,2
5273,2
5274,7
5275,0
5276,0
5277,6
5278,1
5279,6
5280,3
5281,7
5282,5
5283,8
5284,0
5285,4
5286,9
5287,4
5288,1
5289,6
5290,9
5291,0
5292,9
5293,7
5294,1
5295,0
5296,0
5297,6
5298,8
5299,1
5300,6
5301,2
5302,4
5303,9
5304,2
5305,2
5306,3
5307,3
5308,3
5309,0
5310,0
5311,2
5312,4
5313,5
5314,5
5315,6
5316,9
5317,0
5318,6
5319,0
5320,7
5321,9
5322,8
5323,5
5324,5
5325,9
5326,3
5327,7
5328,3
5329,5
5330,6
5331,1
5332,8
5333,7
5334,5
5335,6
5336,5
5337,4
5338,1
5339,5
5340,8
5341,8
5342,0
5343,5
5344,1
5345,0
5346,5
5347,6
5348,1
5349,5
5350,5
5351,9
5352,8
5353,5
5354,1
5355,1
5356,4
5357,2
5358,7
5359,4
5360,0
5361,2
5362,8
5363,3
5364,7
5365,4
5366,9
5367,6
5368,5
5369,4
5370,1
5371,3
5372,9
5373,2
5374,6
5375,7
5376,7
5377,9
5378,4
5379,9
5380,0
5381,6
5382,8
5383,9
5384,6
5385,5
5386,8
5387,5
5388,6
5389,1
5390,5
5391,2
5392,4
5393,1
5394,1
5395,8
5396,1
5397,9
5398,0
5399,4
5400,6
5401,5
5402,3
5403,5
5404,0
5405,2
5406,2
5407,9
5408,5
5409,1
5410,0
5411,2
5412,2
5413,4
5414,4
5415,8
5416,1
5417,2
5418,4
5419,9
5420,4
5421,5
5422,0
5423,6
5424,4
5425,0
5426,5
5427,6
5428,7
5429,6
5430,2
5431,0
5432,8
5433,3
5434,1
5435,0
5436,3
5437,3
5438,0
5439,6
5440,1
5441,8
5442,4
5443,9
5444,6
5445,1
5446,4
5447,6
5448,9
5449,5
5450,4
5451,7
5452,4
5453,6
5454,0
5455,5
5456,2
5457,2
5458,2
5459,1
5460,6
5461,9
5462,0
5463,4
5464,3
5465,2
5466,2
5467,2
5468,8
5469,1
5470,2
5471,1
5472,5
5473,8
5474,4
5475,8
5476,3
5477,9
5478,7
5479,0
5480,0
5481,8
5482,9
5483,5
5484,1
5485,8
5486,6
5487,4
5488,1
5489,6
5490,8
5491,7
5492,7
5493,8
5494,5
5495,4
5496,4
5497,1
5498,9
5499,4
5500,3
5501,9
5502,1
5503,0
5504,4
5505,2
5506,7
5507,8
5508,7
5509,9
5510,0
5511,9
5512,1
5513,8
5514,2
5515,8
5516,7
5517,5
5518,6
5519,6
5520,8
5521,1
5522,5
5523,2
5524,5
5525,8
5526,7
5527,0
5528,7
5529,1
5530,1
5531,4
5532,0
5533,7
5534,1
5535,5
5536,5
5537,6
5538,2
5539,6
5540,0
5541,1
5542,2
5543,2
5544,8
5545,5
5546,7
5547,4
5548,1
5549,1
5550,2
5551,5
5552,5
5553,8
5554,2
5555,7
5556,3
5557,3
5558,8
5559,5
5560,3
5561,1
5562,9
5563,7
5564,0
5565,6
5566,3
5567,9
5568,8
5569,7
5570,4
5571,6
5572,3
5573,7
5574,0
5575,7
5576,7
5577,8
5578,0
5579,6
5580,6
5581,4
5582,0
5583,1
5584,6
5585,5
5586,4
5587,8
5588,3
5589,2
5590,1
5591,1
5592,0
5593,1
5594,6
5595,4
5596,3
5597,6
5598,9
5599,9
5600,9
5601,6
5602,4
5603,6
5604,3
5605,5
5606,0
5607,1
5608,5
5609,8
5610,6
5611,4
5612,8
5613,4
5614,5
5615,2
5616,7
5617,4
5618,5
5619,4
5620,9
5621,2
5622,5
5623,2
5624,2
5625,4
5626,7
5627,1
5628,2
5629,4
5630,4
5631,2
5632,7
5633,4
5634,6
5635,1
5636,9
5637,0
5638,2
5639,7
5640,6
5641,3
5642,6
5643,3
5644,6
5645,5
5646,7
5647,5
5648,2
5649,9
5650,9
5651,4
5652,8
5653,0
5654,6
5655,9
5656,7
5657,2
5658,4
5659,6
5660,0
5661,2
5662,8
5663,9
5664,3
5665,8
5666,7
5667,2
5668,0
5669,6
5670,4
5671,6
5672,8
5673,4
5674,4
5675,4
5676,5
5677,2
5678,5
5679,3
5680,9
5681,6
5682,9
5683,9
5684,6
5685,3
5686,6
5687,4
5688,9
5689,4
5690,5
5691,3
5692,8
5693,1
5694,5
5695,9
5696,2
5697,5
5698,2
5699,6
5700,4
5701,1
5702,9
5703,1
5704,9
5705,4
5706,0
5707,5
5708,7
5709,2
5710,0
5711,5
5712,8
5713,6
5714,0
5715,8
5716,1
5717,8
5718,4
5719,8
5720,4
5721,2
5722,9
5723,0
5724,9
5725,6
5726,9
5727,4
5728,8
5729,6
5730,8
5731,8
5732,4
5733,8
5734,5
5735,0
5736,9
5737,2
5738,3
5739,7
5740,6
5741,4
5742,0
5743,4
5744,6
5745,1
5746,7
5747,3
5748,3
5749,2
5750,3
5751,9
5752,5
5753,1
5754,6
5755,5
5756,5
5757,4
5758,7
5759,3
5760,0
5761,5
5762,8
5763,9
5764,4
5765,5
5766,9
5767,5
5768,5
5769,8
5770,7
5771,1
5772,0
5773,2
5774,5
5775,5
5776,0
5777,7
5778,1
5779,7
5780,6
5781,6
5782,2
5783,5
5784,7
5785,5
5786,8
5787,4
5788,8
5789,8
5790,8
5791,5
5792,2
5793,1
5794,7
5795,1
5796,1
5797,8
5798,2
5799,1
5800,0
5801,6
5802,4
5803,3
5804,2
5805,3
5806,8
5807,5
5808,1
5809,1
5810,5
5811,6
5812,4
5813,6
5814,7
5815,5
5816,4
5817,0
5818,8
5819,7
5820,6
5821,3
5822,2
5823,8
5824,7
5825,7
5826,9
5827,3
5828,6
5829,6
5830,4
5831,0
5832,0
5833,0
5834,2
5835,3
5836,8
5837,5
5838,7
5839,9
5840,1
5841,5
5842,0
5843,5
5844,8
5845,6
5846,1
5847,5
5848,4
5849,4
5850,8
5851,3
5852,7
5853,0
5854,9
5855,9
5856,2
5857,7
5858,0
5859,7
5860,2
5861,6
5862,3
5863,0
5864,0
5865,5
5866,7
5867,3
5868,3
5869,8
5870,3
5871,4
5872,7
5873,4
5874,3
5875,3
5876,1
5877,4
5878,8
5879,1
5880,4
5881,0
5882,9
5883,7
5884,4
5885,8
5886,8
5887,2
5888,4
5889,7
5890,2
5891,8
5892,1
5893,0
5894,2
5895,5
5896,4
5897,7
5898,3
5899,8
5900,5
5901,8
5902,4
5903,2
5904,7
5905,6
5906,5
5907,6
5908,6
5909,9
5910,4
5911,9
5912,3
5913,3
5914,6
5915,9
5916,3
5917,8
5918,6
5919,9
5920,9
5921,9
5922,2
5923,1
5924,0
5925,4
5926,2
5927,5
5928,4
5929,1
5930,5
5931,9
5932,0
5933,2
5934,1
5935,5
5936,4
5937,7
5938,0
5939,8
5940,9
5941,3
5942,0
5943,9
5944,1
5945,6
5946,7
5947,3
5948,3
5949,0
5950,8
5951,8
5952,2
5953,0
5954,6
5955,0
5956,0
5957,8
5958,5
5959,3
5960,1
5961,3
5962,1
5963,2
5964,4
5965,7
5966,7
5967,5
5968,1
5969,8
5970,6
5971,8
5972,6
5973,3
5974,9
5975,5
5976,3
5977,4
5978,6
5979,8
5980,2
5981,0
5982,0
5983,9
5984,8
5985,7
5986,3
5987,4
5988,6
5989,8
5990,5
5991,3
5992,7
5993,8
5994,0
5995,8
5996,8
5997,0
5998,0
5999,1
6000,1
6001,2
6002,3
6003,7
6004,0
6005,0
6006,8
6007,1
6008,1
6009,0
6010,9
6011,1
6012,7
6013,6
6014,8
6015,9
6016,8
6017,6
6018,7
6019,2
6020,5
6021,7
6022,0
6023,6
6024,6
6025,4
6026,1
6027,7
6028,5
6029,6
6030,7
6031,5
6032,2
6033,3
6034,0
6035,8
6036,4
6037,6
6038,8
6039,7
6040,3
6041,0
6042,1
6043,4
6044,1
6045,5
6046,6
6047,8
6048,3
6049,9
6050,2
6051,9
6052,0
6053,5
6054,4
6055,5
6056,2
6057,3
6058,8
6059,5
6060,0
6061,7
6062,6
6063,1
6064,6
6065,1
6066,4
6067,8
6068,3
6069,1
6070,3
6071,3
6072,7
6073,9
6074,5
6075,4
6076,8
6077,2
6078,2
6079,8
6080,4
6081,5
6082,0
6083,0
6084,0
6085,7
6086,6
6087,9
6088,0
6089,4
6090,1
6091,5
6092,3
6093,3
6094,0
6095,6
6096,8
6097,8
6098,1
6099,5
6100,6
6101,5
6102,2
6103,0
6104,8
6105,7
6106,6
6107,3
6108,6
6109,2
6110,5
6111,8
6112,9
6113,4
6114,0
6115,7
6116,0
6117,2
6118,5
6119,1
6120,8
6121,8
6122,2
6123,7
6124,0
6125,7
6126,3
6127,7
6128,2
6129,1
6130,3
6131,1
6132,6
6133,3
6134,1
6135,5
6136,8
6137,5
6138,6
6139,0
6140,2
6141,8
6142,1
6143,9
6144,1
6145,5
6146,8
6147,9
6148,0
6149,4
6150,2
6151,0
6152,8
6153,5
6154,7
6155,0
6156,3
6157,7
6158,4
6159,1
6160,0
6161,9
6162,5
6163,6
6164,7
6165,5
6166,7
6167,1
6168,0
6169,5
6170,4
6171,6
6172,1
6173,5
6174,1
6175,3
6176,1
6177,9
6178,8
6179,7
6180,6
6181,6
6182,9
6183,5
6184,9
6185,5
6186,4
6187,3
6188,8
6189,5
6190,3
6191,5
6192,4
6193,7
6194,7
6195,5
6196,6
6197,6
6198,1
6199,1
6200,7
6201,8
6202,0
6203,6
6204,9
6205,9
6206,9
6207,9
6208,2
6209,1
6210,4
6211,0
6212,6
6213,6
6214,6
6215,7
6216,0
6217,2
6218,8
6219,1
6220,7
6221,1
6222,8
6223,1
6224,5
6225,8
6226,6
6227,4
6228,6
6229,9
6230,7
6231,5
6232,0
6233,9
6234,3
6235,0
6236,7
6237,8
6238,6
6239,9
6240,3
6241,4
6242,9
6243,6
6244,3
6245,8
6246,5
6247,8
6248,8
6249,0
6250,5
6251,5
6252,5
6253,8
6254,3
6255,4
6256,8
6257,4
6258,2
6259,0
6260,6
6261,0
6262,8
6263,0
6264,8
6265,8
6266,3
6267,0
6268,7
6269,7
6270,9
6271,0
6272,0
6273,0
6274,2
6275,4
6276,8
6277,6
6278,8
6279,9
6280,6
6281,6
6282,8
6283,3
6284,3
6285,9
6286,3
6287,3
6288,4
6289,0
6290,8
6291,5
6292,4
6293,6
6294,3
6295,7
6296,3
6297,6
6298,6
6299,3
6300,6
6301,6
6302,5
6303,3
6304,3
6305,2
6306,7
6307,6
6308,3
6309,0
6310,9
6311,2
6312,9
6313,1
6314,9
6315,1
6316,4
6317,4
6318,8
6319,6
6320,8
6321,6
6322,8
6323,6
6324,4
6325,1
6326,6
6327,7
6328,3
6329,0
6330,9
6331,8
6332,7
6333,3
6334,8
6335,1
6336,8
6337,0
6338,4
6339,0
6340,4
6341,2
6342,9
6343,5
6344,3
6345,8
6346,4
6347,2
6348,7
6349,2
6350,7
6351,1
6352,1
6353,6
6354,8
6355,3
6356,7
6357,6
6358,3
6359,7
6360,5
6361,0
6362,1
6363,0
6364,2
6365,2
6366,5
6367,5
6368,1
6369,9
6370,1
6371,0
6372,4
6373,7
6374,0
6375,4
6376,8
6377,4
6378,1
6379,1
6380,6
6381,4
6382,2
6383,3
6384,6
6385,9
6386,1
6387,5
6388,6
6389,3
6390,3
6391,3
6392,8
6393,1
6394,9
6395,7
6396,1
6397,7
6398,4
6399,0
6400,9
6401,0
6402,2
6403,1
6404,4
6405,6
6406,4
6407,5
6408,7
6409,0
6410,1
6411,0
6412,7
6413,0
6414,2
6415,9
6416,7
6417,1
6418,3
6419,6
6420,3
6421,2
6422,0
6423,5
6424,3
6425,0
6426,9
6427,8
6428,2
6429,2
6430,3
6431,6
6432,8
6433,5
6434,5
6435,1
6436,7
6437,0
6438,1
6439,2
6440,2
6441,2
6442,8
6443,5
6444,4
6445,8
6446,3
6447,1
6448,3
6449,0
6450,3
6451,2
6452,3
6453,9
6454,3
6455,9
6456,9
6457,3
6458,7
6459,0
6460,7
6461,6
6462,6
6463,6
6464,6
6465,6
6466,5
6467,2
6468,0
6469,5
6470,4
6471,5
6472,5
6473,2
6474,6
6475,2
6476,8
6477,5
6478,5
6479,6
6480,4
6481,0
6482,8
6483,2
6484,1
6485,1
6486,1
6487,3
6488,7
6489,1
6490,9
6491,4
6492,3
6493,9
6494,9
6495,4
6496,6
6497,7
6498,1
6499,0
6500,2
6501,4
6502,7
6503,7
6504,0
6505,9
6506,9
6507,1
6508,0
6509,0
6510,6
6511,6
6512,7
6513,3
6514,2
6515,7
6516,0
6517,3
6518,0
6519,3
6520,7
6521,2
6522,6
6523,9
6524,1
6525,9
6526,5
6527,2
6528,6
6529,2
6530,8
6531,8
6532,6
6533,1
6534,4
6535,8
6536,9
6537,8
6538,9
6539,7
6540,9
6541,5
6542,6
6543,7
6544,4
6545,9
6546,2
6547,4
6548,7
6549,5
6550,7
6551,2
6552,9
6553,3
6554,4
6555,3
6556,4
6557,2
6558,0
6559,5
6560,8
6561,1
6562,4
6563,8
6564,3
6565,4
6566,9
6567,3
6568,3
6569,8
6570,3
6571,1
6572,3
6573,8
6574,0
6575,5
6576,9
6577,8
6578,8
6579,9
6580,7
6581,2
6582,7
6583,7
6584,4
6585,6
6586,5
6587,8
6588,4
6589,3
6590,6
6591,5
6592,7
6593,8
6594,0
6595,7
6596,5
6597,2
6598,0
6599,8
6600,6
6601,9
6602,3
6603,9
6604,2
6605,6
6606,0
6607,7
6608,9
6609,1
6610,5
6611,0
6612,5
6613,7
6614,0
6615,6
6616,3
6617,7
6618,6
6619,9
6620,5
6621,3
6622,5
6623,5
6624,6
6625,2
6626,0
6627,0
6628,2
6629,6
6630,6
6631,0
6632,8
6633,4
6634,8
6635,3
6636,3
6637,0
6638,4
6639,2
6640,5
6641,3
6642,4
6643,5
6644,9
6645,9
6646,6
6647,4
6648,4
6649,7
6650,5
6651,5
6652,0
6653,0
6654,1
6655,9
6656,9
6657,6
6658,8
6659,9
6660,0
6661,7
6662,3
6663,4
6664,6
6665,7
6666,9
6667,4
6668,8
6669,1
6670,0
6671,7
6672,5
6673,7
6674,4
6675,4
6676,0
6677,1
6678,7
6679,0
6680,2
6681,2
6682,5
6683,8
6684,6
6685,1
6686,9
6687,4
6688,8
6689,0
6690,7
6691,4
6692,3
6693,7
6694,7
6695,8
6696,0
6697,3
6698,0
6699,9
6700,7
6701,7
6702,7
6703,9
6704,1
6705,5
6706,8
6707,4
6708,5
6709,6
6710,3
6711,8
6712,7
6713,8
6714,0
6715,7
6716,1
6717,0
6718,7
6719,5
6720,3
6721,5
6722,5
6723,0
6724,1
6725,5
6726,1
6727,0
6728,1
6729,0
6730,8
6731,0
6732,2
6733,5
6734,8
6735,9
6736,3
6737,3
6738,1
6739,5
6740,8
6741,3
6742,4
6743,3
6744,1
6745,1
6746,5
6747,9
6748,8
6749,3
6750,6
6751,4
6752,2
6753,3
6754,2
6755,6
6756,8
6757,4
6758,0
6759,2
6760,2
6761,2
6762,0
6763,6
6764,9
6765,8
6766,3
6767,6
6768,8
6769,2
6770,7
6771,5
6772,6
6773,5
6774,0
6775,9
6776,8
6777,1
6778,7
6779,3
6780,8
6781,1
6782,9
6783,9
6784,6
6785,0
6786,7
6787,4
6788,4
6789,7
6790,9
6791,9
6792,5
6793,2
6794,3
6795,1
6796,0
6797,5
6798,3
6799,9
6800,6
6801,2
6802,1
6803,7
6804,9
6805,6
6806,9
6807,5
6808,7
6809,5
6810,8
6811,7
6812,9
6813,6
6814,0
6815,8
6816,7
6817,0
6818,8
6819,4
6820,2
6821,6
6822,4
6823,2
6824,9
6825,9
6826,0
6827,2
6828,5
6829,3
6830,9
6831,3
6832,8
6833,4
6834,4
6835,4
6836,8
6837,5
6838,5
6839,5
6840,1
6841,7
6842,3
6843,0
6844,9
6845,9
6846,6
6847,8
6848,1
6849,0
6850,7
6851,7
6852,6
6853,4
6854,7
6855,7
6856,4
6857,5
6858,6
6859,6
6860,6
6861,5
6862,0
6863,2
6864,2
6865,5
6866,0
6867,8
6868,2
6869,5
6870,4
6871,2
6872,4
6873,5
6874,5
6875,4
6876,0
6877,7
6878,6
6879,4
6880,2
6881,9
6882,3
6883,3
6884,7
6885,8
6886,9
6887,5
6888,3
6889,9
6890,6
6891,4
6892,3
6893,8
6894,4
6895,5
6896,4
6897,9
6898,0
6899,2
6900,6
6901,0
6902,4
6903,8
6904,9
6905,2
6906,9
6907,6
6908,3
6909,2
6910,0
6911,4
6912,5
6913,3
6914,0
6915,3
6916,0
6917,2
6918,4
6919,1
6920,6
6921,0
6922,7
6923,7
6924,7
6925,9
6926,6
6927,6
6928,0
6929,9
6930,5
6931,4
6932,3
6933,1
6934,7
6935,1
6936,5
6937,4
6938,6
6939,1
6940,0
6941,5
6942,6
6943,4
6944,8
6945,2
6946,2
6947,8
6948,4
6949,5
6950,1
6951,9
6952,5
6953,3
6954,7
6955,9
6956,3
6957,7
6958,5
6959,4
6960,2
6961,8
6962,9
6963,4
6964,7
6965,9
6966,3
6967,2
6968,1
6969,3
6970,6
6971,4
6972,2
6973,5
6974,8
6975,8
6976,8
6977,2
6978,6
6979,2
6980,6
6981,3
6982,2
6983,5
6984,9
6985,0
6986,8
6987,1
6988,6
6989,9
6990,4
6991,7
6992,1
6993,9
6994,5
6995,1
6996,0
6997,1
6998,0
6999,5
7000,2
7001,9
7002,8
7003,0
7004,7
7005,8
7006,6
7007,7
7008,5
7009,2
7010,9
7011,9
7012,7
7013,4
7014,5
7015,6
7016,6
7017,1
7018,2
7019,5
7020,6
7021,3
7022,8
7023,5
7024,1
7025,5
7026,9
7027,6
7028,9
7029,6
7030,8
7031,0
7032,0
7033,5
7034,7
7035,3
7036,4
7037,2
7038,3
7039,6
7040,4
7041,1
7042,9
7043,4
7044,3
7045,5
7046,8
7047,1
7048,2
7049,8
7050,8
7051,3
7052,2
7053,8
7054,6
7055,7
7056,0
7057,4
7058,7
7059,1
7060,4
7061,4
7062,8
7063,2
7064,6
7065,2
7066,3
7067,4
7068,9
7069,6
7070,1
7071,6
7072,6
7073,7
7074,5
7075,9
7076,8
7077,6
7078,5
7079,7
7080,3
7081,4
7082,7
7083,9
7084,6
7085,9
7086,8
7087,2
7088,6
7089,9
7090,6
7091,4
7092,3
7093,5
7094,6
7095,0
7096,4
7097,1
7098,0
7099,4
7100,5
7101,1
7102,0
7103,6
7104,5
7105,5
7106,6
7107,1
7108,1
7109,5
7110,6
7111,3
7112,6
7113,7
7114,2
7115,2
7116,3
7117,8
7118,6
7119,9
7120,7
7121,0
7122,6
7123,7
7124,2
7125,6
7126,2
7127,1
7128,3
7129,1
7130,2
7131,8
7132,4
7133,4
7134,1
7135,9
7136,8
7137,9
7138,0
7139,0
7140,3
7141,0
7142,0
7143,7
7144,6
7145,0
7146,6
7147,1
7148,9
7149,6
7150,7
7151,0
7152,4
7153,0
7154,8
7155,0
7156,6
7157,2
7158,8
7159,0
7160,2
7161,7
7162,7
7163,1
7164,5
7165,6
7166,6
7167,6
7168,2
7169,3
7170,9
7171,5
7172,7
7173,9
7174,2
7175,2
7176,8
7177,1
7178,0
7179,0
7180,0
7181,6
7182,9
7183,2
7184,9
7185,2
7186,1
7187,9
7188,3
7189,2
7190,1
7191,1
7192,3
7193,2
7194,5
7195,8
7196,3
7197,8
7198,1
7199,3
7200,8
7201,4
7202,6
7203,4
7204,4
7205,1
7206,6
7207,1
7208,3
7209,6
7210,1
7211,2
7212,4
7213,7
7214,0
7215,3
7216,1
7217,9
7218,0
7219,9
7220,9
7221,5
7222,0
7223,7
7224,9
7225,6
7226,4
7227,5
7228,2
7229,0
7230,2
7231,3
7232,7
7233,1
7234,4
7235,8
7236,9
7237,5
7238,1
7239,7
7240,0
7241,9
7242,7
7243,0
7244,3
7245,0
7246,1
7247,0
7248,1
7249,4
7250,0
7251,0
7252,0
7253,4
7254,1
7255,7
7256,1
7257,6
7258,5
7259,3
7260,9
7261,3
7262,5
7263,9
7264,7
7265,2
7266,8
7267,8
7268,5
7269,8
7270,1
7271,5
7272,9
7273,5
7274,4
7275,3
7276,0
7277,9
7278,2
7279,3
7280,6
7281,0
7282,2
7283,0
7284,6
7285,2
7286,1
7287,4
7288,2
7289,4
7290,3
7291,9
7292,4
7293,1
7294,9
7295,3
7296,5
7297,6
7298,1
7299,2
7300,7
7301,3
7302,8
7303,8
7304,6
7305,8
7306,7
7307,3
7308,4
7309,8
7310,9
7311,3
7312,1
7313,4
7314,6
7315,7
7316,8
7317,7
7318,3
7319,5
7320,8
7321,5
7322,6
7323,0
7324,8
7325,2
7326,6
7327,6
7328,6
7329,4
7330,7
7331,7
7332,1
7333,9
7334,8
7335,5
7336,8
7337,5
7338,7
7339,0
7340,3
7341,9
7342,6
7343,2
7344,9
7345,6
7346,4
7347,8
7348,9
7349,0
7350,6
7351,0
7352,2
7353,4
7354,2
7355,6
7356,5
7357,4
7358,1
7359,0
7360,7
7361,0
7362,8
7363,5
7364,9
7365,7
7366,3
7367,0
7368,5
7369,0
7370,4
7371,2
7372,2
7373,1
7374,4
7375,7
7376,2
7377,9
7378,7
7379,6
7380,6
7381,1
7382,6
7383,5
7384,3
7385,4
7386,1
7387,8
7388,9
7389,6
7390,7
7391,1
7392,2
7393,6
7394,5
7395,2
7396,1
7397,6
7398,2
7399,8
7400,7
7401,7
7402,5
7403,2
7404,2
7405,7
7406,8
7407,7
7408,2
7409,0
7410,9
7411,0
7412,0
7413,3
7414,9
7415,3
7416,2
7417,0
7418,3
7419,2
7420,0
7421,8
7422,1
7423,4
7424,2
7425,0
7426,5
7427,7
7428,7
7429,9
7430,6
7431,5
7432,1
7433,7
7434,0
7435,7
7436,9
7437,7
7438,7
7439,3
7440,9
7441,9
7442,0
7443,8
7444,4
7445,9
7446,5
7447,1
7448,5
7449,7
7450,7
7451,5
7452,5
7453,4
7454,5
7455,1
7456,7
7457,4
7458,8
7459,1
7460,1
7461,9
7462,1
7463,4
7464,0
7465,2
7466,1
7467,9
7468,0
7469,4
7470,4
7471,6
7472,0
7473,9
7474,0
7475,7
7476,5
7477,9
7478,0
7479,7
7480,1
7481,7
7482,6
7483,0
7484,8
7485,3
7486,1
7487,9
7488,7
7489,9
7490,0
7491,2
7492,9
7493,5
7494,4
7495,6
7496,7
7497,8
7498,0
7499,1
7500,3
7501,3
7502,2
7503,5
7504,7
7505,3
7506,3
7507,6
7508,9
7509,9
7510,1
7511,7
7512,4
7513,2
7514,3
7515,2
7516,3
7517,0
7518,4
7519,0
7520,4
7521,8
7522,6
7523,0
7524,9
7525,5
7526,6
7527,6
7528,6
7529,2
7530,6
7531,0
7532,0
7533,3
7534,2
7535,8
7536,5
7537,8
7538,3
7539,1
7540,4
7541,4
7542,9
7543,1
7544,9
7545,8
7546,3
7547,1
7548,2
7549,4
7550,7
7551,7
7552,9
7553,6
7554,1
7555,1
7556,2
7557,6
7558,5
7559,2
7560,2
7561,6
7562,8
7563,9
7564,0
7565,1
7566,8
7567,0
7568,8
7569,4
7570,4
7571,0
7572,2
7573,8
7574,3
7575,3
7576,8
7577,7
7578,2
7579,2
7580,2
7581,0
7582,9
7583,0
7584,1
7585,2
7586,7
7587,3
7588,4
7589,8
7590,2
7591,1
7592,9
7593,0
7594,4
7595,8
7596,2
7597,3
7598,3
7599,2
7600,3
7601,6
7602,4
7603,6
7604,7
7605,3
7606,3
7607,4
7608,4
7609,4
7610,2
7611,5
7612,2
7613,1
7614,3
7615,2
7616,5
7617,9
7618,1
7619,4
7620,9
7621,9
7622,0
7623,3
7624,9
7625,5
7626,2
7627,9
7628,6
7629,2
7630,7
7631,8
7632,7
7633,0
7634,2
7635,8
7636,6
7637,3
7638,6
7639,8
7640,6
7641,5
7642,7
7643,3
7644,9
7645,7
7646,9
7647,1
7648,5
7649,8
7650,7
7651,1
7652,4
7653,4
7654,6
7655,5
7656,5
7657,3
7658,4
7659,7
7660,0
7661,7
7662,4
7663,5
7664,5
7665,5
7666,4
7667,9
7668,0
7669,4
7670,1
7671,9
7672,7
7673,7
7674,1
7675,4
7676,3
7677,5
7678,5
7679,7
7680,0
7681,8
7682,1
7683,2
7684,6
7685,5
7686,6
7687,2
7688,9
7689,6
7690,7
7691,0
7692,5
7693,4
7694,2
7695,2
7696,9
7697,8
7698,0
7699,1
7700,2
7701,0
7702,8
7703,8
7704,8
7705,8
7706,9
7707,3
7708,6
7709,0
7710,5
7711,1
7712,7
7713,8
7714,5
7715,4
7716,3
7717,2
7718,2
7719,9
7720,5
7721,7
7722,2
7723,6
7724,7
7725,0
7726,7
7727,3
7728,3
7729,3
7730,1
7731,3
7732,9
7733,8
7734,3
7735,0
7736,3
7737,8
7738,9
7739,0
7740,5
7741,2
7742,1
7743,9
7744,7
7745,5
7746,6
7747,7
7748,1
7749,9
7750,2
7751,3
7752,3
7753,0
7754,8
7755,3
7756,0
7757,8
7758,5
7759,1
7760,7
7761,8
7762,2
7763,9
7764,4
7765,1
7766,4
7767,5
7768,3
7769,7
7770,5
7771,9
7772,7
7773,8
7774,6
7775,6
7776,9
7777,1
7778,9
7779,7
7780,3
7781,0
7782,8
7783,3
7784,1
7785,6
7786,1
7787,3
7788,1
7789,6
7790,3
7791,4
7792,2
7793,9
7794,5
7795,9
7796,6
7797,7
7798,4
7799,6
7800,1
7801,6
7802,0
7803,6
7804,0
7805,7
7806,4
7807,8
7808,4
7809,9
7810,3
7811,1
7812,0
7813,3
7814,7
7815,2
7816,3
7817,2
7818,8
7819,4
7820,3
7821,4
7822,6
7823,2
7824,2
7825,8
7826,2
7827,4
7828,5
7829,6
7830,5
7831,2
7832,3
7833,9
7834,5
7835,5
7836,7
7837,7
7838,7
7839,4
7840,9
7841,6
7842,5
7843,6
7844,7
7845,5
7846,6
7847,0
7848,1
7849,9
7850,8
7851,1
7852,6
7853,5
7854,4
7855,2
7856,3
7857,8
7858,1
7859,2
7860,7
7861,7
7862,1
7863,7
7864,4
7865,6
7866,9
7867,9
7868,4
7869,6
7870,3
7871,5
7872,9
7873,9
7874,1
7875,3
7876,3
7877,8
7878,1
7879,4
7880,8
7881,9
7882,1
7883,0
7884,1
7885,7
7886,2
7887,2
7888,0
7889,1
7890,2
7891,4
7892,4
7893,5
7894,0
7895,0
7896,4
7897,3
7898,6
7899,1
7900,9
7901,1
7902,9
7903,6
7904,3
7905,6
7906,6
7907,3
7908,9
7909,3
7910,0
7911,5
7912,1
7913,2
7914,3
7915,6
7916,8
7917,1
7918,7
7919,4
7920,7
7921,5
7922,0
7923,3
7924,2
7925,0
7926,7
7927,2
7928,2
7929,5
7930,7
7931,6
7932,4
7933,3
7934,0
7935,6
7936,7
7937,9
7938,8
7939,4
7940,6
7941,1
7942,5
7943,4
7944,8
7945,8
7946,0
7947,6
7948,1
7949,0
7950,9
7951,7
7952,8
7953,1
7954,0
7955,6
7956,8
7957,3
7958,7
7959,1
7960,7
7961,8
7962,7
7963,4
7964,1
7965,3
7966,0
7967,1
7968,1
7969,3
7970,5
7971,5
7972,8
7973,1
7974,6
7975,3
7976,3
7977,3
7978,9
7979,5
7980,4
7981,9
7982,7
7983,8
7984,7
7985,7
7986,9
7987,0
7988,2
7989,3
7990,3
7991,4
7992,0
7993,4
7994,6
7995,7
7996,7
7997,8
7998,2
7999,1
8000,5
8001,3
8002,8
8003,3
8004,5
8005,8
8006,4
8007,8
8008,2
8009,9
8010,5
8011,9
8012,4
8013,5
8014,2
8015,6
8016,9
8017,0
8018,6
8019,2
8020,1
8021,3
8022,6
8023,5
8024,4
8025,6
8026,4
8027,1
8028,5
8029,0
8030,4
8031,4
8032,1
8033,2
8034,3
8035,1
8036,0
8037,6
8038,7
8039,6
8040,5
8041,6
8042,1
8043,3
8044,9
8045,4
8046,5
8047,9
8048,7
8049,9
8050,6
8051,7
8052,7
8053,1
8054,6
8055,9
8056,1
8057,3
8058,6
8059,3
8060,6
8061,6
8062,1
8063,3
8064,5
8065,5
8066,4
8067,3
8068,9
8069,7
8070,6
8071,4
8072,9
8073,8
8074,3
8075,1
8076,2
8077,9
8078,9
8079,4
8080,6
8081,4
8082,4
8083,2
8084,9
8085,7
8086,5
8087,6
8088,4
8089,9
8090,1
8091,5
8092,2
8093,3
8094,7
8095,1
8096,5
8097,0
8098,6
8099,8
8100,9
8101,6
8102,0
8103,3
8104,2
8105,4
8106,0
8107,8
8108,6
8109,1
8110,2
8111,9
8112,6
8113,6
8114,9
8115,9
8116,7
8117,5
8118,0
8119,3
8120,3
8121,7
8122,9
8123,5
8124,0
8125,3
8126,5
8127,6
8128,9
8129,3
8130,3
8131,6
8132,0
8133,8
8134,0
8135,9
8136,6
8137,1
8138,6
8139,0
8140,3
8141,7
8142,4
8143,9
8144,9
8145,9
8146,2
8147,3
8148,6
8149,6
8150,4
8151,6
8152,8
8153,8
8154,8
8155,0
8156,8
8157,1
8158,2
8159,5
8160,9
8161,0
8162,4
8163,3
8164,9
8165,9
8166,2
8167,4
8168,5
8169,3
8170,6
8171,4
8172,1
8173,4
8174,4
8175,7
8176,8
8177,4
8178,6
8179,9
8180,9
8181,7
8182,3
8183,9
8184,6
8185,8
8186,0
8187,3
8188,8
8189,0
8190,3
8191,6
8192,5
8193,8
8194,5
8195,6
8196,4
8197,2
8198,2
8199,6
8200,1
8201,3
8202,5
8203,6
8204,2
8205,0
8206,8
8207,1
8208,7
8209,4
8210,6
8211,2
8212,3
8213,8
8214,8
8215,0
8216,6
8217,3
8218,1
8219,9
8220,1
8221,3
8222,1
8223,4
8224,0
8225,8
8226,2
8227,4
8228,6
8229,0
8230,5
8231,5
8232,5
8233,9
8234,1
8235,8
8236,8
8237,9
8238,0
8239,7
8240,5
8241,9
8242,5
8243,9
8244,5
8245,3
8246,5
8247,0
8248,8
8249,9
8250,5
8251,7
8252,0
8253,7
8254,0
8255,5
8256,8
8257,4
8258,1
8259,5
8260,4
8261,6
8262,7
8263,4
8264,3
8265,0
8266,7
8267,4
8268,8
8269,8
8270,0
8271,4
8272,5
8273,5
8274,8
8275,8
8276,0
8277,3
8278,6
8279,0
8280,9
8281,6
8282,6
8283,3
8284,6
8285,6
8286,8
8287,8
8288,2
8289,4
8290,8
8291,3
8292,3
8293,3
8294,2
8295,9
8296,6
8297,9
8298,8
8299,7
8300,3
8301,4
8302,2
8303,7
8304,7
8305,3
8306,1
8307,1
8308,3
8309,7
8310,9
8311,9
8312,2
8313,9
8314,4
8315,0
8316,7
8317,2
8318,3
8319,4
8320,4
8321,0
8322,2
8323,3
8324,5
8325,9
8326,7
8327,7
8328,3
8329,7
8330,1
8331,5
8332,1
8333,2
8334,1
8335,0
8336,9
8337,1
8338,4
8339,1
8340,2
8341,6
8342,2
8343,7
8344,3
8345,2
8346,5
8347,4
8348,2
8349,6
8350,2
8351,8
8352,0
8353,2
8354,3
8355,2
8356,3
8357,2
8358,9
8359,2
8360,0
8361,9
8362,7
8363,4
8364,0
8365,2
8366,9
8367,8
8368,5
8369,8
8370,6
8371,7
8372,8
8373,0
8374,7
8375,5
8376,6
8377,1
8378,8
8379,2
8380,4
8381,2
8382,7
8383,9
8384,3
8385,2
8386,7
8387,3
8388,0
8389,6
8390,8
8391,8
8392,9
8393,0
8394,1
8395,1
8396,0
8397,7
8398,3
8399,5
8400,6
8401,7
8402,9
8403,8
8404,9
8405,9
8406,1
8407,3
8408,5
8409,7
8410,6
8411,7
8412,3
8413,3
8414,3
8415,7
8416,3
8417,8
8418,4
8419,4
8420,7
8421,4
8422,7
8423,5
8424,9
8425,1
8426,8
8427,8
8428,0
8429,4
8430,6
8431,5
8432,8
8433,2
8434,0
8435,3
8436,8
8437,3
8438,6
8439,9
8440,7
8441,4
8442,1
8443,2
8444,1
8445,5
8446,7
8447,9
8448,6
8449,2
8450,5
8451,3
8452,0
8453,5
8454,8
8455,9
8456,4
8457,3
8458,4
8459,0
8460,0
8461,7
8462,6
8463,3
8464,5
8465,4
8466,6
8467,1
8468,4
8469,3
8470,4
8471,0
8472,3
8473,3
8474,9
8475,0
8476,8
8477,3
8478,7
8479,1
8480,2
8481,8
8482,1
8483,5
8484,9
8485,8
8486,4
8487,6
8488,6
8489,5
8490,1
8491,8
8492,1
8493,5
8494,7
8495,0
8496,1
8497,6
8498,7
8499,9
8500,7
8501,6
8502,0
8503,1
8504,6
8505,6
8506,2
8507,9
8508,3
8509,8
8510,6
8511,7
8512,1
8513,5
8514,6
8515,9
8516,5
8517,8
8518,4
8519,3
8520,3
8521,5
8522,9
8523,6
8524,6
8525,8
8526,1
8527,5
8528,0
8529,5
8530,5
8531,0
8532,1
8533,0
8534,5
8535,0
8536,8
8537,2
8538,6
8539,3
8540,9
8541,9
8542,4
8543,2
8544,0
8545,6
8546,8
8547,0
8548,5
8549,7
8550,7
8551,4
8552,9
8553,1
8554,9
8555,5
8556,6
8557,0
8558,8
8559,5
8560,1
8561,8
8562,8
8563,1
8564,9
8565,0
8566,3
8567,7
8568,7
8569,2
8570,4
8571,8
8572,7
8573,8
8574,9
8575,2
8576,3
8577,4
8578,3
8579,5
8580,4
8581,2
8582,2
8583,8
8584,9
8585,8
8586,1
8587,7
8588,9
8589,9
8590,1
8591,0
8592,1
8593,1
8594,0
8595,2
8596,4
8597,5
8598,2
8599,7
8600,1
8601,2
8602,6
8603,5
8604,0
8605,0
8606,9
8607,0
8608,5
8609,7
8610,8
8611,3
8612,2
8613,2
8614,3
8615,6
8616,2
8617,0
8618,7
8619,1
8620,1
8621,3
8622,3
8623,6
8624,2
8625,1
8626,4
8627,1
8628,8
8629,6
8630,9
8631,3
8632,2
8633,6
8634,0
8635,0
8636,4
8637,7
8638,8
8639,2
8640,5
8641,9
8642,9
8643,3
8644,3
8645,5
8646,6
8647,8
8648,1
8649,1
8650,8
8651,8
8652,2
8653,3
8654,9
8655,5
8656,2
8657,2
8658,2
8659,4
8660,6
8661,8
8662,8
8663,6
8664,7
8665,5
8666,9
8667,0
8668,3
8669,3
8670,0
8671,6
8672,8
8673,8
8674,7
8675,7
8676,2
8677,5
8678,9
8679,1
8680,0
8681,2
8682,8
8683,0
8684,5
8685,5
8686,8
8687,1
8688,1
8689,5
8690,5
8691,6
8692,2
8693,1
8694,2
8695,5
8696,4
8697,7
8698,6
8699,5
8700,4
8701,1
8702,3
8703,1
8704,7
8705,4
8706,2
8707,5
8708,0
8709,6
8710,1
8711,4
8712,6
8713,6
8714,8
8715,8
8716,7
8717,6
8718,3
8719,8
8720,2
8721,9
8722,9
8723,9
8724,5
8725,7
8726,0
8727,3
8728,1
8729,0
8730,5
8731,9
8732,7
8733,7
8734,4
8735,8
8736,1
8737,3
8738,5
8739,6
8740,7
8741,2
8742,3
8743,9
8744,9
8745,8
8746,2
8747,6
8748,5
8749,6
8750,8
8751,2
8752,0
8753,5
8754,2
8755,5
8756,1
8757,4
8758,9
8759,5
8760,9
8761,5
8762,2
8763,9
8764,4
8765,2
8766,9
8767,8
8768,9
8769,5
8770,6
8771,8
8772,1
8773,7
8774,5
8775,1
8776,1
8777,6
8778,0
8779,6
8780,7
8781,4
8782,8
8783,1
8784,0
8785,5
8786,6
8787,1
8788,3
8789,1
8790,8
8791,6
8792,4
8793,1
8794,3
8795,7
8796,8
8797,6
8798,8
8799,2
8800,6
8801,1
8802,8
8803,5
8804,4
8805,9
8806,1
8807,1
8808,1
8809,8
8810,8
8811,7
8812,3
8813,9
8814,4
8815,2
8816,2
8817,8
8818,8
8819,5
8820,4
8821,2
8822,1
8823,1
8824,4
8825,7
8826,7
8827,6
8828,6
8829,4
8830,5
8831,2
8832,2
8833,2
8834,2
8835,9
8836,3
8837,3
8838,5
8839,3
8840,1
8841,9
8842,3
8843,0
8844,3
8845,7
8846,7
8847,0
8848,6
8849,4
8850,0
8851,5
8852,2
8853,5
8854,4
8855,0
8856,3
8857,7
8858,8
8859,5
8860,1
8861,7
8862,9
8863,9
8864,9
8865,3
8866,7
8867,8
8868,0
8869,3
8870,5
8871,9
8872,5
8873,3
8874,8
8875,1
8876,7
8877,6
8878,0
8879,6
8880,9
8881,0
8882,4
8883,0
8884,0
8885,3
8886,8
8887,8
8888,1
8889,0
8890,5
8891,4
8892,3
8893,6
8894,3
8895,2
8896,2
8897,6
8898,1
8899,1
8900,3
8901,8
8902,2
8903,2
8904,8
8905,1
8906,8
8907,0
8908,7
8909,6
8910,3
8911,9
8912,9
8913,5
8914,1
8915,5
8916,4
8917,2
8918,7
8919,5
8920,7
8921,2
8922,5
8923,9
8924,0
8925,4
8926,1
8927,6
8928,0
8929,4
8930,6
8931,0
8932,1
8933,0
8934,2
8935,0
8936,3
8937,4
8938,5
8939,5
8940,5
8941,0
8942,8
8943,7
8944,9
8945,8
8946,1
8947,5
8948,6
8949,0
8950,7
8951,8
8952,4
8953,9
8954,7
8955,5
8956,1
8957,4
8958,6
8959,2
8960,2
8961,4
8962,3
8963,2
8964,9
8965,6
8966,4
8967,0
8968,1
8969,6
8970,7
8971,3
8972,8
8973,5
8974,6
8975,7
8976,7
8977,7
8978,1
8979,9
8980,9
8981,5
8982,5
8983,7
8984,4
8985,8
8986,3
8987,8
8988,2
8989,7
8990,9
8991,3
8992,4
8993,1
8994,4
8995,4
8996,8
8997,8
8998,7
8999,6
9000,2
9001,8
9002,4
9003,8
9004,1
9005,2
9006,9
9007,3
9008,4
9009,1
9010,2
9011,0
9012,8
9013,4
9014,2
9015,3
9016,7
9017,6
9018,6
9019,5
9020,6
9021,4
9022,8
9023,9
9024,0
9025,4
9026,5
9027,5
9028,6
9029,6
9030,6
9031,3
9032,9
9033,3
9034,3
9035,0
9036,8
9037,3
9038,0
9039,3
9040,4
9041,5
9042,4
9043,5
9044,4
9045,6
9046,9
9047,0
9048,1
9049,6
9050,7
9051,9
9052,4
9053,9
9054,0
9055,2
9056,2
9057,0
9058,8
9059,4
9060,6
9061,9
9062,5
9063,3
9064,7
9065,5
9066,9
9067,0
9068,2
9069,2
9070,8
9071,8
9072,4
9073,2
9074,9
9075,2
9076,9
9077,3
9078,9
9079,4
9080,6
9081,5
9082,0
9083,0
9084,5
9085,7
9086,6
9087,2
9088,0
9089,8
9090,4
9091,6
9092,3
9093,3
9094,7
9095,8
9096,2
9097,3
9098,8
9099,5
9100,9
9101,3
9102,9
9103,1
9104,8
9105,8
9106,1
9107,7
9108,0
9109,8
9110,2
9111,5
9112,4
9113,3
9114,9
9115,1
9116,6
9117,4
9118,7
9119,7
9120,7
9121,2
9122,1
9123,4
9124,7
9125,5
9126,6
9127,4
9128,5
9129,6
9130,9
9131,3
9132,1
9133,6
9134,8
9135,4
9136,2
9137,2
9138,2
9139,6
9140,1
9141,5
9142,8
9143,0
9144,2
9145,7
9146,4
9147,7
9148,1
9149,4
9150,6
9151,4
9152,7
9153,6
9154,6
9155,7
9156,7
9157,9
9158,4
9159,3
9160,9
9161,8
9162,2
9163,1
9164,0
9165,2
9166,0
9167,0
9168,8
9169,0
9170,2
9171,5
9172,5
9173,4
9174,4
9175,6
9176,8
9177,3
9178,9
9179,9
9180,1
9181,8
9182,0
9183,1
9184,4
9185,5
9186,5
9187,4
9188,4
9189,5
9190,7
9191,1
9192,9
9193,3
9194,0
9195,2
9196,5
9197,8
9198,9
9199,3
9200,2
9201,5
9202,9
9203,0
9204,1
9205,5
9206,4
9207,5
9208,0
9209,5
9210,2
9211,0
9212,3
9213,8
9214,6
9215,0
9216,9
9217,6
9218,9
9219,8
9220,4
9221,3
9222,1
9223,1
9224,2
9225,8
9226,8
9227,0
9228,7
9229,5
9230,0
9231,4
9232,5
9233,7
9234,5
9235,6
9236,3
9237,0
9238,7
9239,8
9240,8
9241,9
9242,6
9243,2
9244,1
9245,4
9246,8
9247,9
9248,7
9249,1
9250,1
9251,6
9252,9
9253,7
9254,1
9255,0
9256,8
9257,5
9258,9
9259,6
9260,6
9261,7
9262,2
9263,7
9264,0
9265,7
9266,7
9267,8
9268,9
9269,1
9270,0
9271,4
9272,7
9273,2
9274,6
9275,1
9276,8
9277,3
9278,4
9279,2
9280,3
9281,4
9282,3
9283,2
9284,9
9285,5
9286,4
9287,7
9288,6
9289,2
9290,7
9291,6
9292,6
9293,4
9294,8
9295,5
9296,0
9297,9
9298,3
9299,1
9300,2
9301,0
9302,6
9303,7
9304,1
9305,8
9306,9
9307,0
9308,3
9309,7
9310,3
9311,4
9312,2
9313,7
9314,0
9315,7
9316,3
9317,8
9318,8
9319,5
9320,4
9321,5
9322,6
9323,2
9324,6
9325,1
9326,6
9327,7
9328,4
9329,6
9330,4
9331,1
9332,3
9333,9
9334,8
9335,6
9336,8
9337,2
9338,1
9339,3
9340,0
9341,6
9342,8
9343,5
9344,8
9345,6
9346,4
9347,1
9348,3
9349,8
9350,7
9351,8
9352,3
9353,7
9354,6
9355,2
9356,0
9357,2
9358,3
9359,6
9360,8
9361,0
9362,1
9363,3
9364,9
9365,4
9366,6
9367,6
9368,9
9369,6
9370,5
9371,0
9372,5
9373,5
9374,3
9375,5
9376,8
9377,6
9378,0
9379,3
9380,2
9381,6
9382,2
9383,7
9384,0
9385,0
9386,7
9387,2
9388,7
9389,8
9390,5
9391,7
9392,5
9393,4
9394,0
9395,1
9396,8
9397,3
9398,2
9399,9
9400,8
9401,9
9402,7
9403,9
9404,9
9405,6
9406,4
9407,5
9408,5
9409,3
9410,2
9411,9
9412,1
9413,2
9414,4
9415,2
9416,0
9417,3
9418,6
9419,3
9420,5
9421,0
9422,5
9423,3
9424,7
9425,9
9426,1
9427,0
9428,5
9429,3
9430,4
9431,9
9432,3
9433,9
9434,6
9435,1
9436,1
9437,0
9438,1
9439,8
9440,3
9441,4
9442,7
9443,0
9444,6
9445,5
9446,5
9447,2
9448,6
9449,2
9450,0
9451,0
9452,5
9453,9
9454,7
9455,6
9456,4
9457,9
9458,8
9459,4
9460,9
9461,3
9462,1
9463,7
9464,0
9465,3
9466,1
9467,6
9468,4
9469,5
9470,7
9471,1
9472,7
9473,2
9474,6
9475,5
9476,3
9477,9
9478,2
9479,4
9480,9
9481,4
9482,1
9483,5
9484,8
9485,8
9486,2
9487,9
9488,4
9489,1
9490,4
9491,5
9492,8
9493,6
9494,8
9495,9
9496,4
9497,9
9498,0
9499,5
9500,1
9501,6
9502,2
9503,7
9504,9
9505,3
9506,3
9507,2
9508,7
9509,9
9510,0
9511,7
9512,5
9513,4
9514,5
9515,5
9516,4
9517,2
9518,0
9519,9
9520,9
9521,7
9522,6
9523,2
9524,4
9525,6
9526,3
9527,6
9528,2
9529,5
9530,3
9531,5
9532,7
9533,6
9534,2
9535,7
9536,6
9537,2
9538,7
9539,8
9540,6
9541,3
9542,9
9543,6
9544,2
9545,1
9546,6
9547,9
9548,6
9549,6
9550,1
9551,9
9552,1
9553,6
9554,7
9555,6
9556,5
9557,3
9558,2
9559,0
9560,9
9561,8
9562,2
9563,8
9564,1
9565,2
9566,1
9567,1
9568,2
9569,7
9570,3
9571,2
9572,5
9573,5
9574,0
9575,9
9576,7
9577,1
9578,3
9579,2
9580,1
9581,0
9582,9
9583,2
9584,3
9585,5
9586,9
9587,2
9588,9
9589,9
9590,9
9591,6
9592,6
9593,5
9594,2
9595,7
9596,3
9597,3
9598,1
9599,9
9600,3
9601,7
9602,9
9603,4
9604,3
9605,0
9606,5
9607,1
9608,9
9609,3
9610,1
9611,4
9612,3
9613,8
9614,2
9615,7
9616,6
9617,3
9618,6
9619,4
9620,3
9621,0
9622,9
9623,3
9624,5
9625,5
9626,9
9627,0
9628,6
9629,0
9630,5
9631,4
9632,2
9633,1
9634,5
9635,7
9636,9
9637,5
9638,8
9639,5
9640,6
9641,8
9642,8
9643,7
9644,2
9645,9
9646,7
9647,6
9648,1
9649,4
9650,6
9651,3
9652,9
9653,3
9654,0
9655,6
9656,7
9657,6
9658,4
9659,2
9660,7
9661,9
9662,3
9663,3
9664,2
9665,3
9666,6
9667,7
9668,6
9669,9
9670,1
9671,4
9672,7
9673,1
9674,8
9675,7
9676,6
9677,5
9678,8
9679,2
9680,6
9681,9
9682,1
9683,2
9684,6
9685,8
9686,9
9687,9
9688,6
9689,0
9690,7
9691,9
9692,9
9693,6
9694,1
9695,0
9696,0
9697,4
9698,8
9699,8
9700,2
9701,8
9702,8
9703,5
9704,1
9705,3
9706,5
9707,4
9708,5
9709,6
9710,8
9711,8
9712,5
9713,4
9714,7
9715,6
9716,5
9717,7
9718,3
9719,7
9720,9
9721,8
9722,7
9723,2
9724,8
9725,3
9726,5
9727,2
9728,3
9729,7
9730,3
9731,9
9732,7
9733,7
9734,8
9735,2
9736,0
9737,1
9738,8
9739,7
9740,4
9741,8
9742,4
9743,0
9744,2
9745,8
9746,6
9747,6
9748,9
9749,8
9750,3
9751,2
9752,8
9753,1
9754,2
9755,4
9756,5
9757,0
9758,9
9759,4
9760,0
9761,8
9762,2
9763,0
9764,7
9765,6
9766,5
9767,3
9768,3
9769,9
9770,1
9771,6
9772,4
9773,2
9774,0
9775,7
9776,8
9777,8
9778,1
9779,0
9780,4
9781,5
9782,6
9783,9
9784,3
9785,6
9786,3
9787,1
9788,6
9789,4
9790,1
9791,5
9792,2
9793,1
9794,7
9795,8
9796,9
9797,0
9798,9
9799,4
9800,6
9801,6
9802,3
9803,1
9804,3
9805,2
9806,7
9807,3
9808,6
9809,1
9810,9
9811,5
9812,1
9813,4
9814,8
9815,1
9816,8
9817,3
9818,7
9819,5
9820,8
9821,6
9822,4
9823,7
9824,6
9825,5
9826,4
9827,4
9828,6
9829,1
9830,1
9831,6
9832,1
9833,5
9834,3
9835,0
9836,6
9837,1
9838,0
9839,3
9840,0
9841,8
9842,2
9843,8
9844,8
9845,2
9846,9
9847,4
9848,7
9849,0
9850,5
9851,8
9852,5
9853,6
9854,5
9855,1
9856,8
9857,1
9858,3
9859,6
9860,6
9861,0
9862,8
9863,8
9864,6
9865,1
9866,5
9867,0
9868,8
9869,4
9870,1
9871,6
9872,0
9873,8
9874,2
9875,9
9876,2
9877,3
9878,8
9879,1
9880,5
9881,2
9882,8
9883,3
9884,9
9885,0
9886,6
9887,9
9888,7
9889,4
9890,7
9891,2
9892,5
9893,3
9894,5
9895,2
9896,5
9897,4
9898,8
9899,4
9900,0
9901,4
9902,1
9903,9
9904,9
9905,3
9906,4
9907,2
9908,1
9909,5
9910,1
9911,8
9912,2
9913,3
9914,4
9915,3
9916,7
9917,8
9918,1
9919,7
9920,3
9921,0
9922,1
9923,1
9924,2
9925,8
9926,7
9927,6
9928,6
9929,1
9930,1
9931,8
9932,2
9933,5
9934,5
9935,0
9936,0
9937,8
9938,0
9939,2
9940,2
9941,7
9942,6
9943,6
9944,7
9945,0
9946,1
9947,8
9948,3
9949,1
9950,1
9951,0
9952,1
9953,6
9954,2
9955,4
9956,7
9957,0
9958,3
9959,9
9960,6
9961,2
9962,2
9963,7
9964,7
9965,3
9966,0
9967,9
9968,4
9969,0
9970,2
9971,7
9972,2
9973,1
9974,5
9975,7
9976,8
9977,9
9978,5
9979,6
9980,5
9981,4
9982,3
9983,7
9984,3
9985,7
9986,0
9987,7
9988,8
9989,9
9990,8
9991,3
9992,9
9993,8
9994,3
9995,6
9996,2
9997,8
9998,3
9999,0
10000,5
